kernel,method,config,cycles,energy
1x4096x4096,systolic_array,baseline,1064969,0.0094604987833251
1x4096x4096,ant,baseline,1097737,0.0121026299500021
1x4096x4096,figlut,baseline,377157,0.0054347525715435
1x4096x4096,figna,baseline,1130501,0.0113424327939273
4x4096x4096,systolic_array,baseline,1114121,0.0099389560437473
4x4096x4096,ant,baseline,1146889,0.012688684294916
4x4096x4096,figlut,baseline,426312,0.0061908575956822
4x4096x4096,figna,baseline,1179654,0.0121120250907548
8x4096x4096,systolic_array,baseline,1179658,0.0105769063546989
8x4096x4096,ant,baseline,1212426,0.0134700995742583
8x4096x4096,figlut,baseline,491852,0.0071989976278672
8x4096x4096,figna,baseline,1245192,0.0131381542929001
16x4096x4096,systolic_array,baseline,1310732,0.0118528069766021
16x4096x4096,ant,baseline,1343500,0.0150329301329428
16x4096x4096,figlut,baseline,622932,0.0092152776922372
16x4096x4096,figna,baseline,1376268,0.0151904126971909
32x4096x4096,systolic_array,baseline,1572880,0.0144046082204084
32x4096x4096,ant,baseline,1605648,0.0181585912503118
32x4096x4096,figlut,baseline,885092,0.0132478378209772
32x4096x4096,figna,baseline,1638420,0.0192949295057723
64x4096x4096,systolic_array,baseline,2097176,0.0195082107080212
64x4096x4096,ant,baseline,2129944,0.0244099134850498
64x4096x4096,figlut,baseline,1409412,0.0213129580784572
64x4096x4096,figna,baseline,2162724,0.0275039631229352
128x4096x4096,systolic_array,baseline,3145768,0.0297154156832467
128x4096x4096,ant,baseline,3178536,0.0369125579545258
128x4096x4096,figlut,baseline,2458052,0.0374431985934172
128x4096x4096,figna,baseline,3211332,0.043922030357261
256x4096x4096,systolic_array,baseline,5242952,0.0501298256336977
256x4096x4096,ant,baseline,5275720,0.0619178468934778
256x4096x4096,figlut,baseline,4555332,0.0697036796233372
256x4096x4096,figna,baseline,5308548,0.0767581648259127
1x4096x1024,systolic_array,baseline,266249,0.0023651739509552
1x4096x1024,ant,baseline,274441,0.0030257215188354
1x4096x1024,figlut,baseline,94293,0.0013587333999485
1x4096x1024,figna,baseline,282629,0.0028356427343437
4x4096x1024,systolic_array,baseline,278537,0.0024847882660607
4x4096x1024,ant,baseline,286729,0.0031722351050639
4x4096x1024,figlut,baseline,106584,0.0015477868102209
4x4096x1024,figna,baseline,294918,0.003028047715723
8x4096x1024,systolic_array,baseline,294922,0.0026442813165902
8x4096x1024,ant,baseline,303114,0.0033675960394922
8x4096x1024,figlut,baseline,122972,0.0017998580239173
8x4096x1024,figna,baseline,311304,0.0032845938306041
16x4096x1024,systolic_array,baseline,327692,0.0029632674176491
16x4096x1024,ant,baseline,335884,0.0037583179083489
16x4096x1024,figlut,baseline,155748,0.0023040004513101
16x4096x1024,figna,baseline,344076,0.0037976860603663
32x4096x1024,systolic_array,baseline,393232,0.0036012396197669
32x4096x1024,ant,baseline,401424,0.0045397616460622
32x4096x1024,figlut,baseline,221300,0.0033122853060958
32x4096x1024,figna,baseline,409620,0.0048238705198907
64x4096x1024,systolic_array,baseline,524312,0.0048771840240025
64x4096x1024,ant,baseline,532504,0.0061026491214888
64x4096x1024,figlut,baseline,352404,0.0053288550156672
64x4096x1024,figna,baseline,540708,0.0068762394389396
128x4096x1024,systolic_array,baseline,786472,0.0074290728324737
128x4096x1024,ant,baseline,794664,0.0092284240723421
128x4096x1024,figlut,baseline,614612,0.00936199443481
128x4096x1024,figna,baseline,802884,0.0109809772770373
256x4096x1024,systolic_array,baseline,1310792,0.0125328504494161
256x4096x1024,ant,baseline,1318984,0.0154799739740487
256x4096x1024,figlut,baseline,1139028,0.0174282732730956
256x4096x1024,figna,baseline,1327236,0.0191904529532328
1x4096x4096,vortex,AQLM,33184,0.0006724237572273714
1x4096x4096,vortex,AQLM+LUF,557121,0.0074612269233186625
1x4096x4096,vortex,AQLM+MUF,33184,0.0006724237572273714
1x4096x4096,vortex,AQLM+LUF+Sparsity0.3,557121,0.0074612269233186625
1x4096x4096,vortex,AQLM+MUF+Sparsity0.3,23354,0.0004737537123690979
1x4096x4096,vortex,AQLM+Sparsity0.3,23354,0.0004737537123690979
4x4096x4096,vortex,AQLM,164256,0.00257554531291668
4x4096x4096,vortex,AQLM+LUF,557122,0.007480467979214452
4x4096x4096,vortex,AQLM+MUF,164256,0.00257554531291668
4x4096x4096,vortex,AQLM+LUF+Sparsity0.3,557122,0.007480467979214452
4x4096x4096,vortex,AQLM+MUF+Sparsity0.3,123296,0.002025382628521672
4x4096x4096,vortex,AQLM+Sparsity0.3,123296,0.002025382628521672
8x4096x4096,vortex,AQLM,328096,0.005147437078145019
8x4096x4096,vortex,AQLM+LUF,557124,0.00750612600652603
8x4096x4096,vortex,AQLM+MUF,328096,0.005147437078145019
8x4096x4096,vortex,AQLM+LUF+Sparsity0.3,557124,0.00750612600652603
8x4096x4096,vortex,AQLM+MUF+Sparsity0.3,246176,0.004047111709355003
8x4096x4096,vortex,AQLM+Sparsity0.3,246176,0.004047111709355003
16x4096x4096,vortex,AQLM,557128,0.007557442061149189
16x4096x4096,vortex,AQLM+LUF,557128,0.007557442061149189
16x4096x4096,vortex,AQLM+MUF,655776,0.010291220608601695
16x4096x4096,vortex,AQLM+LUF+Sparsity0.3,557128,0.007557442061149189
16x4096x4096,vortex,AQLM+MUF+Sparsity0.3,491936,0.008090569871021663
16x4096x4096,vortex,AQLM+Sparsity0.3,557128,0.007557442061149189
32x4096x4096,vortex,AQLM,589904,0.00827901685686663
32x4096x4096,vortex,AQLM+LUF,589904,0.00827901685686663
32x4096x4096,vortex,AQLM+MUF,1311136,0.020578787669515052
32x4096x4096,vortex,AQLM+LUF+Sparsity0.3,589904,0.00827901685686663
32x4096x4096,vortex,AQLM+MUF+Sparsity0.3,983456,0.016177486194354985
32x4096x4096,vortex,AQLM+Sparsity0.3,589904,0.00827901685686663
64x4096x4096,vortex,AQLM,2097248,0.033467493674471105
64x4096x4096,vortex,AQLM+LUF,2097248,0.033467493674471105
64x4096x4096,vortex,AQLM+MUF,2621856,0.04115392179134177
64x4096x4096,vortex,AQLM+LUF+Sparsity0.3,2097248,0.033467493674471105
64x4096x4096,vortex,AQLM+MUF+Sparsity0.3,1966496,0.03235131884102167
64x4096x4096,vortex,AQLM+Sparsity0.3,2097248,0.033467493674471105
128x4096x4096,vortex,AQLM,3145856,0.05327381737517243
128x4096x4096,vortex,AQLM+LUF,3145856,0.05327381737517243
128x4096x4096,vortex,AQLM+MUF,5243296,0.0823041900349952
128x4096x4096,vortex,AQLM+LUF+Sparsity0.3,3145856,0.05327381737517243
128x4096x4096,vortex,AQLM+MUF+Sparsity0.3,3932576,0.06469898413435507
128x4096x4096,vortex,AQLM+Sparsity0.3,3145856,0.05327381737517243
256x4096x4096,vortex,AQLM,5243072,0.09288646477657507
256x4096x4096,vortex,AQLM+LUF,5243072,0.09288646477657507
256x4096x4096,vortex,AQLM+MUF,10486176,0.16460472652230204
256x4096x4096,vortex,AQLM+LUF+Sparsity0.3,5243072,0.09288646477657507
256x4096x4096,vortex,AQLM+MUF+Sparsity0.3,7864736,0.1293943147210218
256x4096x4096,vortex,AQLM+Sparsity0.3,5243072,0.09288646477657507
1x4096x1024,vortex,AQLM,10656,0.00024013903197511169
1x4096x1024,vortex,AQLM+LUF,139329,0.001866347343623313
1x4096x1024,vortex,AQLM+MUF,10656,0.00024013903197511169
1x4096x1024,vortex,AQLM+LUF+Sparsity0.3,139329,0.001866347343623313
1x4096x1024,vortex,AQLM+MUF+Sparsity0.3,7776,0.0001717382501643021
1x4096x1024,vortex,AQLM+Sparsity0.3,7776,0.0001717382501643021
4x4096x1024,vortex,AQLM,41376,0.0006484298758754253
4x4096x1024,vortex,AQLM+LUF,139330,0.0018711613044791024
4x4096x1024,vortex,AQLM+MUF,41376,0.0006484298758754253
4x4096x1024,vortex,AQLM+LUF+Sparsity0.3,139330,0.0018711613044791024
4x4096x1024,vortex,AQLM+MUF+Sparsity0.3,31136,0.0005108892047766733
4x4096x1024,vortex,AQLM+Sparsity0.3,31136,0.0005108892047766733
8x4096x1024,vortex,AQLM,82336,0.0012938073330225099
8x4096x1024,vortex,AQLM+LUF,139332,0.0018775832050706809
8x4096x1024,vortex,AQLM+MUF,82336,0.0012938073330225099
8x4096x1024,vortex,AQLM+LUF+Sparsity0.3,139332,0.0018775832050706809
8x4096x1024,vortex,AQLM+MUF+Sparsity0.3,61856,0.001018725990825006
8x4096x1024,vortex,AQLM+Sparsity0.3,61856,0.001018725990825006
16x4096x1024,vortex,AQLM,139336,0.0018904270062538382
16x4096x1024,vortex,AQLM+LUF,139336,0.0018904270062538382
16x4096x1024,vortex,AQLM+MUF,164256,0.0025845622473166796
16x4096x1024,vortex,AQLM+LUF+Sparsity0.3,139336,0.0018904270062538382
16x4096x1024,vortex,AQLM+MUF+Sparsity0.3,123296,0.002034399562921672
16x4096x1024,vortex,AQLM+Sparsity0.3,139336,0.0018904270062538382
32x4096x1024,vortex,AQLM,147536,0.002070850280237934
32x4096x1024,vortex,AQLM+LUF,147536,0.002070850280237934
32x4096x1024,vortex,AQLM+MUF,328096,0.005166072075905019
32x4096x1024,vortex,AQLM+LUF+Sparsity0.3,147536,0.002070850280237934
32x4096x1024,vortex,AQLM+MUF+Sparsity0.3,246176,0.004065746707115002
32x4096x1024,vortex,AQLM+Sparsity0.3,147536,0.002070850280237934
64x4096x1024,vortex,AQLM,524384,0.008368028634748524
64x4096x1024,vortex,AQLM+LUF,524384,0.008368028634748524
64x4096x1024,vortex,AQLM+MUF,655776,0.010329091733081695
64x4096x1024,vortex,AQLM+LUF+Sparsity0.3,524384,0.008368028634748524
64x4096x1024,vortex,AQLM+MUF+Sparsity0.3,491936,0.008128440995501664
64x4096x1024,vortex,AQLM+Sparsity0.3,524384,0.008368028634748524
128x4096x1024,vortex,AQLM,786560,0.013319727860142797
128x4096x1024,vortex,AQLM+LUF,786560,0.013319727860142797
128x4096x1024,vortex,AQLM+MUF,1311136,0.020655131047435053
128x4096x1024,vortex,AQLM+LUF+Sparsity0.3,786560,0.013319727860142797
128x4096x1024,vortex,AQLM+MUF+Sparsity0.3,983456,0.016253829572274985
128x4096x1024,vortex,AQLM+Sparsity0.3,786560,0.013319727860142797
256x4096x1024,vortex,AQLM,1310912,0.023223126310931343
256x4096x1024,vortex,AQLM+LUF,1310912,0.023223126310931343
256x4096x1024,vortex,AQLM+MUF,2621856,0.04130720967614177
256x4096x1024,vortex,AQLM+LUF+Sparsity0.3,1310912,0.023223126310931343
256x4096x1024,vortex,AQLM+MUF+Sparsity0.3,1966496,0.03250460672582168
256x4096x1024,vortex,AQLM+Sparsity0.3,1310912,0.023223126310931343
