Name,Config,Num,Bank,Size (KB),Area(mm^2),Total Area (mm^2),Read_Energy (nJ/bit),Write_Energy (nJ/bit),Leakage Power (mW),Total leakage Power,blocksize (bytes)
s_wgt_lt,sram_4096x64bits_1rw,8,1,256,0.048695770955999994,0.38956616764799995,9.63653125e-05,8.154203125e-05,16.6946,133.5568,8
s_cap_lt,sram_32768x16bits_1rw,2,128,128,0.098581373475,0.19716274695,0.000212714375,0.000197975625,39.5864,79.1728,2
s_act_lt,sram_256x512bits_1rw,2,1,32,0.032154159253999996,0.06430831850799999,2.7558203125e-05,4.9760546875e-05,8.57508,17.15016,64
s_output_lt,sram_256x512bits_1rw,2,1,32,0.032154159253999996,0.06430831850799999,2.7558203125e-05,4.9760546875e-05,8.57508,17.15016,64
s_codebook_lt,sram_2048x16bits_1rw,4,1,16,0.0055954080704,0.0223816322816,6.98975e-05,5.51589375e-05,2.47415,9.8966,2
s_wgt_gt,sram_128x64bits_1rw,2,1,2,0.00156230907176,0.00312461814352,1.0082921875e-05,2.091375e-05,0.55053,1.10106,8
s_act_gt,sram_1024x512bits_1rw,2,1,128,0.08927123562,0.17854247124,4.34736328125e-05,0.0001339044921875,33.228,66.456,64
s_output_gt,sram_1024x512bits_1rw,2,1,128,0.08927123562,0.17854247124,4.34736328125e-05,0.0001339044921875,33.228,66.456,64
s_codebook_gt,sram_2048x16bits_1rw,4,1,16,0.0055954080704,0.0223816322816,6.98975e-05,5.51589375e-05,2.47415,9.8966,2
s_wtmp_gt,sram_128x512bits_1rw,2,1,16,0.0226011196,0.0452022392,2.49740234375e-05,3.58046875e-05,4.44528,8.89056,64
s_cap_gt,sram_32768x16bits_1rw,2,128,128,0.098581373475,0.19716274695,0.000212714375,0.000197975625,39.5864,79.1728,2
