Effective Sparsity,Activation Error,Baseline Error,q,k,v,o,gate,up,down
0.0024242424242424242,0.01513671875,0.5546875,0.0,0.0,0.0,0.0,0.009302325581395349,0.0,0.0
0.0048484848484848485,0.0222930908203125,0.5546875,0.0,0.0,0.0,0.0,0.009302325581395349,0.009302325581395349,0.0
0.007272727272727274,0.034454345703125,0.5546875,0.0,0.0,0.0,0.0,0.009302325581395349,0.009302325581395349,0.009302325581395349
0.009696969696969697,0.0667724609375,0.5546875,0.0,0.0,0.0,0.025,0.009302325581395349,0.009302325581395349,0.009302325581395349
0.012121212121212121,0.0943603515625,1.4072265625,0.0,0.0,0.0,0.05,0.009302325581395349,0.009302325581395349,0.009302325581395349
0.014545454545454545,0.120361328125,1.5078125,0.0,0.0,0.0,0.07500000000000001,0.009302325581395349,0.009302325581395349,0.009302325581395349
0.016969696969696968,0.145263671875,1.583984375,0.0,0.0,0.0,0.1,0.009302325581395349,0.009302325581395349,0.009302325581395349
0.019393939393939394,0.1695556640625,1.6484375,0.0,0.0,0.0,0.125,0.009302325581395349,0.009302325581395349,0.009302325581395349
0.021818181818181816,0.194091796875,1.7158203125,0.0,0.0,0.0,0.15,0.009302325581395349,0.009302325581395349,0.009302325581395349
0.02424242424242424,0.2183837890625,1.7802734375,0.0,0.0,0.0,0.175,0.009302325581395349,0.009302325581395349,0.009302325581395349
0.026666666666666665,0.2431640625,1.8447265625,0.0,0.0,0.0,0.19999999999999998,0.009302325581395349,0.009302325581395349,0.009302325581395349
0.02909090909090909,0.2685546875,1.9072265625,0.0,0.0,0.0,0.22499999999999998,0.009302325581395349,0.009302325581395349,0.009302325581395349
0.03151515151515152,0.294921875,1.9697265625,0.0,0.0,0.0,0.24999999999999997,0.009302325581395349,0.009302325581395349,0.009302325581395349
0.03393939393939394,0.322265625,2.029296875,0.0,0.0,0.0,0.27499999999999997,0.009302325581395349,0.009302325581395349,0.009302325581395349
0.03636363636363637,0.350830078125,2.0859375,0.0,0.0,0.0,0.3,0.009302325581395349,0.009302325581395349,0.009302325581395349
0.038787878787878795,0.380615234375,2.150390625,0.0,0.0,0.0,0.325,0.009302325581395349,0.009302325581395349,0.009302325581395349
0.04121212121212122,0.411865234375,2.2109375,0.0,0.0,0.0,0.35000000000000003,0.009302325581395349,0.009302325581395349,0.009302325581395349
0.04363636363636365,0.4453125,2.271484375,0.0,0.0,0.0,0.37500000000000006,0.009302325581395349,0.009302325581395349,0.009302325581395349
0.04606060606060607,0.480224609375,2.3203125,0.0,0.0,0.0,0.4000000000000001,0.009302325581395349,0.009302325581395349,0.009302325581395349
0.0484848484848485,0.5185546875,2.3671875,0.0,0.0,0.0,0.4250000000000001,0.009302325581395349,0.009302325581395349,0.009302325581395349
0.050909090909090925,0.55859375,2.416015625,0.0,0.0,0.0,0.4500000000000001,0.009302325581395349,0.009302325581395349,0.009302325581395349
0.05333333333333335,0.60205078125,2.474609375,0.0,0.0,0.0,0.47500000000000014,0.009302325581395349,0.009302325581395349,0.009302325581395349
0.05575757575757578,0.64892578125,2.533203125,0.0,0.0,0.0,0.5000000000000001,0.009302325581395349,0.009302325581395349,0.009302325581395349
0.0581818181818182,0.7001953125,2.5859375,0.0,0.0,0.0,0.5250000000000001,0.009302325581395349,0.009302325581395349,0.009302325581395349
0.06060606060606063,0.74755859375,2.626953125,0.0,0.0,0.0,0.5250000000000001,0.009302325581395349,0.009302325581395349,0.018604651162790697
0.06303030303030305,0.7890625,2.671875,0.0,0.0,0.0,0.5250000000000001,0.009302325581395349,0.009302325581395349,0.027906976744186046
0.06545454545454547,0.83740234375,2.724609375,0.0,0.0,0.0,0.5250000000000001,0.009302325581395349,0.009302325581395349,0.037209302325581395
0.0678787878787879,0.8837890625,2.7734375,0.0,0.0,0.0,0.5500000000000002,0.009302325581395349,0.009302325581395349,0.037209302325581395
0.07030303030303033,0.9326171875,2.818359375,0.0,0.0,0.0,0.5500000000000002,0.009302325581395349,0.009302325581395349,0.046511627906976744
0.07272727272727275,0.98193359375,2.8828125,0.0,0.0,0.0,0.5750000000000002,0.009302325581395349,0.009302325581395349,0.046511627906976744
0.07515151515151518,1.03125,2.923828125,0.0,0.0,0.0,0.5750000000000002,0.009302325581395349,0.009302325581395349,0.05581395348837209
0.0775757575757576,1.08203125,2.974609375,0.0,0.0,0.0,0.5750000000000002,0.009302325581395349,0.009302325581395349,0.06511627906976744
0.08000000000000002,1.134765625,3.021484375,0.0,0.0,0.0,0.6000000000000002,0.009302325581395349,0.009302325581395349,0.06511627906976744
0.08242424242424246,1.1865234375,3.06640625,0.0,0.0,0.0,0.6000000000000002,0.009302325581395349,0.009302325581395349,0.07441860465116279
0.08484848484848487,1.2392578125,3.111328125,0.0,0.0,0.0,0.6000000000000002,0.009302325581395349,0.009302325581395349,0.08372093023255814
0.0872727272727273,1.291015625,3.15234375,0.0,0.0,0.0,0.6000000000000002,0.009302325581395349,0.009302325581395349,0.09302325581395349
0.08969696969696972,1.34765625,3.205078125,0.0,0.0,0.0,0.6250000000000002,0.009302325581395349,0.009302325581395349,0.09302325581395349
0.09212121212121215,1.4013671875,3.25390625,0.0,0.0,0.0,0.6250000000000002,0.009302325581395349,0.009302325581395349,0.10232558139534884
0.09454545454545457,1.4541015625,3.302734375,0.0,0.0,0.0,0.6250000000000002,0.009302325581395349,0.009302325581395349,0.11162790697674418
0.096969696969697,1.5068359375,3.35546875,0.025,0.0,0.0,0.6250000000000002,0.009302325581395349,0.009302325581395349,0.11162790697674418
0.09939393939393942,1.5400390625,3.404296875,0.05,0.0,0.0,0.6250000000000002,0.009302325581395349,0.009302325581395349,0.11162790697674418
0.10181818181818185,1.5771484375,3.44921875,0.07500000000000001,0.0,0.0,0.6250000000000002,0.009302325581395349,0.009302325581395349,0.11162790697674418
0.10424242424242426,1.6259765625,3.494140625,0.1,0.0,0.0,0.6250000000000002,0.009302325581395349,0.009302325581395349,0.11162790697674418
0.1066666666666667,1.673828125,3.537109375,0.1,0.0,0.0,0.6250000000000002,0.009302325581395349,0.009302325581395349,0.12093023255813953
0.10909090909090911,1.7236328125,3.58203125,0.1,0.0,0.0,0.6500000000000002,0.009302325581395349,0.009302325581395349,0.12093023255813953
0.11151515151515155,1.771484375,3.623046875,0.1,0.0,0.0,0.6500000000000002,0.009302325581395349,0.009302325581395349,0.13023255813953488
0.11393939393939397,1.8203125,3.671875,0.1,0.0,0.0,0.6500000000000002,0.018604651162790697,0.009302325581395349,0.13023255813953488
0.11636363636363638,1.8642578125,3.72265625,0.1,0.0,0.0,0.6500000000000002,0.027906976744186046,0.009302325581395349,0.13023255813953488
0.1187878787878788,1.91015625,3.771484375,0.1,0.0,0.0,0.6500000000000002,0.027906976744186046,0.009302325581395349,0.13953488372093023
0.12121212121212123,1.9580078125,3.81640625,0.1,0.0,0.0,0.6500000000000002,0.037209302325581395,0.009302325581395349,0.13953488372093023
0.12363636363636367,2.00390625,3.861328125,0.1,0.0,0.0,0.6500000000000002,0.037209302325581395,0.018604651162790697,0.13953488372093023
0.1260606060606061,2.046875,3.90234375,0.1,0.0,0.0,0.6500000000000002,0.037209302325581395,0.027906976744186046,0.13953488372093023
0.1284848484848485,2.091796875,3.9453125,0.1,0.0,0.0,0.6500000000000002,0.037209302325581395,0.027906976744186046,0.14883720930232558
0.13090909090909092,2.13671875,3.9921875,0.125,0.0,0.0,0.6500000000000002,0.037209302325581395,0.027906976744186046,0.14883720930232558
0.13333333333333336,2.181640625,4.0390625,0.125,0.0,0.0,0.6500000000000002,0.037209302325581395,0.037209302325581395,0.14883720930232558
0.13575757575757577,2.2265625,4.08203125,0.125,0.0,0.0,0.6500000000000002,0.037209302325581395,0.037209302325581395,0.15813953488372093
0.1381818181818182,2.271484375,4.1328125,0.125,0.0,0.0,0.6500000000000002,0.037209302325581395,0.037209302325581395,0.16744186046511628
0.14060606060606062,2.31640625,4.17578125,0.125,0.0,0.0,0.6750000000000003,0.037209302325581395,0.037209302325581395,0.16744186046511628
0.14303030303030306,2.359375,4.21875,0.125,0.0,0.0,0.6750000000000003,0.046511627906976744,0.037209302325581395,0.16744186046511628
0.1454545454545455,2.404296875,4.265625,0.125,0.0,0.0,0.6750000000000003,0.046511627906976744,0.037209302325581395,0.17674418604651163
0.14787878787878792,2.44921875,4.3046875,0.125,0.0,0.0,0.6750000000000003,0.05581395348837209,0.037209302325581395,0.17674418604651163
0.15030303030303033,2.494140625,4.34765625,0.125,0.0,0.0,0.6750000000000003,0.05581395348837209,0.046511627906976744,0.17674418604651163
0.15272727272727274,2.5390625,4.38671875,0.125,0.0,0.0,0.6750000000000003,0.05581395348837209,0.046511627906976744,0.18604651162790697
0.15515151515151515,2.58203125,4.4296875,0.125,0.0,0.0,0.6750000000000003,0.05581395348837209,0.046511627906976744,0.19534883720930232
0.15757575757575762,2.626953125,4.47265625,0.15,0.0,0.0,0.6750000000000003,0.05581395348837209,0.046511627906976744,0.19534883720930232
0.16000000000000003,2.671875,4.51953125,0.15,0.0,0.0,0.6750000000000003,0.05581395348837209,0.05581395348837209,0.19534883720930232
0.16242424242424244,2.716796875,4.56640625,0.15,0.0,0.0,0.6750000000000003,0.05581395348837209,0.05581395348837209,0.20465116279069767
0.16484848484848486,2.76171875,4.609375,0.15,0.0,0.0,0.6750000000000003,0.06511627906976744,0.05581395348837209,0.20465116279069767
0.1672727272727273,2.8046875,4.6484375,0.15,0.0,0.0,0.6750000000000003,0.06511627906976744,0.05581395348837209,0.21395348837209302
0.1696969696969697,2.849609375,4.6953125,0.15,0.0,0.0,0.6750000000000003,0.07441860465116279,0.05581395348837209,0.21395348837209302
0.17212121212121215,2.89453125,4.74609375,0.15,0.0,0.0,0.6750000000000003,0.07441860465116279,0.05581395348837209,0.22325581395348837
0.17454545454545456,2.939453125,4.79296875,0.15,0.0,0.0,0.7000000000000003,0.07441860465116279,0.05581395348837209,0.22325581395348837
0.176969696969697,2.984375,4.83984375,0.15,0.0,0.0,0.7000000000000003,0.07441860465116279,0.06511627906976744,0.22325581395348837
0.1793939393939394,3.029296875,4.875,0.175,0.0,0.0,0.7000000000000003,0.07441860465116279,0.06511627906976744,0.22325581395348837
0.18181818181818185,3.07421875,4.91796875,0.175,0.0,0.0,0.7000000000000003,0.08372093023255814,0.06511627906976744,0.22325581395348837
0.18424242424242426,3.1171875,4.96875,0.175,0.0,0.0,0.7000000000000003,0.08372093023255814,0.07441860465116279,0.22325581395348837
0.1866666666666667,3.16015625,5.0078125,0.175,0.0,0.0,0.7000000000000003,0.08372093023255814,0.07441860465116279,0.23255813953488372
0.18909090909090912,3.203125,5.0546875,0.175,0.0,0.0,0.7000000000000003,0.08372093023255814,0.07441860465116279,0.24186046511627907
0.19151515151515153,3.248046875,5.09765625,0.175,0.0,0.0,0.7000000000000003,0.09302325581395349,0.07441860465116279,0.24186046511627907
0.193939393939394,3.29296875,5.14453125,0.175,0.0,0.0,0.7000000000000003,0.09302325581395349,0.08372093023255814,0.24186046511627907
0.1963636363636364,3.3359375,5.18359375,0.175,0.0,0.0,0.7000000000000003,0.09302325581395349,0.08372093023255814,0.25116279069767444
0.19878787878787885,3.37890625,5.23046875,0.175,0.0,0.0,0.7250000000000003,0.09302325581395349,0.08372093023255814,0.25116279069767444
0.20121212121212123,3.423828125,5.26953125,0.175,0.0,0.0,0.7250000000000003,0.10232558139534884,0.08372093023255814,0.25116279069767444
0.2036363636363637,3.466796875,5.3125,0.175,0.0,0.0,0.7250000000000003,0.10232558139534884,0.08372093023255814,0.26046511627906976
0.20606060606060606,3.5078125,5.35546875,0.175,0.0,0.0,0.7250000000000003,0.10232558139534884,0.08372093023255814,0.2697674418604651
0.20848484848484852,3.552734375,5.40625,0.175,0.0,0.0,0.7250000000000003,0.11162790697674418,0.08372093023255814,0.2697674418604651
0.21090909090909093,3.59765625,5.4453125,0.175,0.0,0.0,0.7250000000000003,0.11162790697674418,0.09302325581395349,0.2697674418604651
0.21333333333333335,3.640625,5.5,0.175,0.0,0.0,0.7250000000000003,0.11162790697674418,0.09302325581395349,0.2790697674418604
0.21575757575757576,3.681640625,5.5390625,0.175,0.0,0.0,0.7250000000000003,0.11162790697674418,0.09302325581395349,0.2883720930232557
0.21818181818181817,3.7265625,5.578125,0.19999999999999998,0.0,0.0,0.7250000000000003,0.11162790697674418,0.09302325581395349,0.2883720930232557
0.2206060606060606,3.76953125,5.62109375,0.19999999999999998,0.0,0.0,0.7500000000000003,0.11162790697674418,0.09302325581395349,0.2883720930232557
0.22303030303030305,3.8125,5.671875,0.19999999999999998,0.0,0.0,0.7500000000000003,0.11162790697674418,0.10232558139534884,0.2883720930232557
0.22545454545454546,3.85546875,5.7109375,0.19999999999999998,0.0,0.0,0.7500000000000003,0.11162790697674418,0.11162790697674418,0.2883720930232557
0.22787878787878788,3.900390625,5.7421875,0.19999999999999998,0.0,0.0,0.7500000000000003,0.12093023255813953,0.11162790697674418,0.2883720930232557
0.23030303030303031,3.943359375,5.7890625,0.19999999999999998,0.0,0.0,0.7500000000000003,0.13023255813953488,0.11162790697674418,0.2883720930232557
0.23272727272727273,3.986328125,5.83984375,0.19999999999999998,0.0,0.0,0.7500000000000003,0.13023255813953488,0.11162790697674418,0.29767441860465105
0.23515151515151514,4.02734375,5.87109375,0.19999999999999998,0.0,0.0,0.7500000000000003,0.13023255813953488,0.11162790697674418,0.30697674418604637
0.23757575757575755,4.0703125,5.91796875,0.22499999999999998,0.0,0.0,0.7500000000000003,0.13023255813953488,0.11162790697674418,0.30697674418604637
0.24000000000000002,4.11328125,5.95703125,0.22499999999999998,0.0,0.0,0.7750000000000004,0.13023255813953488,0.11162790697674418,0.30697674418604637
0.24242424242424243,4.15625,6.00390625,0.22499999999999998,0.0,0.0,0.7750000000000004,0.13953488372093023,0.11162790697674418,0.30697674418604637
0.24484848484848484,4.19921875,6.04296875,0.22499999999999998,0.0,0.0,0.7750000000000004,0.14883720930232558,0.11162790697674418,0.30697674418604637
0.24727272727272726,4.2421875,6.08984375,0.22499999999999998,0.0,0.0,0.7750000000000004,0.14883720930232558,0.12093023255813953,0.30697674418604637
0.24969696969696972,4.28515625,6.13671875,0.22499999999999998,0.0,0.0,0.7750000000000004,0.14883720930232558,0.13023255813953488,0.30697674418604637
0.25212121212121213,4.328125,6.18359375,0.22499999999999998,0.0,0.0,0.7750000000000004,0.15813953488372093,0.13023255813953488,0.30697674418604637
0.2545454545454545,4.37109375,6.23046875,0.22499999999999998,0.0,0.0,0.7750000000000004,0.15813953488372093,0.13023255813953488,0.3162790697674417
0.25696969696969696,4.41015625,6.265625,0.22499999999999998,0.0,0.0,0.7750000000000004,0.15813953488372093,0.13023255813953488,0.325581395348837
0.2593939393939394,4.453125,6.30859375,0.22499999999999998,0.0,0.0,0.7750000000000004,0.15813953488372093,0.13953488372093023,0.325581395348837
0.26181818181818184,4.49609375,6.35546875,0.22499999999999998,0.0,0.0,0.7750000000000004,0.15813953488372093,0.14883720930232558,0.325581395348837
0.2642424242424243,4.5390625,6.390625,0.22499999999999998,0.0,0.0,0.7750000000000004,0.15813953488372093,0.14883720930232558,0.33488372093023233
0.26666666666666666,4.58203125,6.43359375,0.24999999999999997,0.0,0.0,0.7750000000000004,0.15813953488372093,0.14883720930232558,0.33488372093023233
0.2690909090909091,4.62109375,6.4765625,0.24999999999999997,0.0,0.0,0.7750000000000004,0.15813953488372093,0.14883720930232558,0.34418604651162765
0.2715151515151515,4.6640625,6.5234375,0.24999999999999997,0.0,0.0,0.8000000000000004,0.15813953488372093,0.14883720930232558,0.34418604651162765
0.2739393939393939,4.70703125,6.5703125,0.24999999999999997,0.0,0.0,0.8000000000000004,0.16744186046511628,0.14883720930232558,0.34418604651162765
0.2763636363636363,4.75,6.60546875,0.24999999999999997,0.0,0.0,0.8000000000000004,0.16744186046511628,0.14883720930232558,0.353488372093023
0.27878787878787875,4.79296875,6.65625,0.24999999999999997,0.0,0.0,0.8000000000000004,0.17674418604651163,0.14883720930232558,0.353488372093023
0.28121212121212114,4.8359375,6.69140625,0.24999999999999997,0.0,0.0,0.8000000000000004,0.18604651162790697,0.14883720930232558,0.353488372093023
0.28363636363636363,4.87890625,6.73828125,0.24999999999999997,0.0,0.0,0.8000000000000004,0.18604651162790697,0.15813953488372093,0.353488372093023
0.286060606060606,4.921875,6.7734375,0.24999999999999997,0.0,0.0,0.8000000000000004,0.18604651162790697,0.16744186046511628,0.353488372093023
0.28848484848484846,4.96484375,6.82421875,0.24999999999999997,0.0,0.0,0.8000000000000004,0.18604651162790697,0.16744186046511628,0.3627906976744183
0.29090909090909084,5.00390625,6.859375,0.24999999999999997,0.0,0.0,0.8000000000000004,0.18604651162790697,0.16744186046511628,0.3720930232558136
0.2933333333333333,5.046875,6.90625,0.24999999999999997,0.0,0.0,0.8000000000000004,0.19534883720930232,0.16744186046511628,0.3720930232558136
0.2957575757575757,5.08984375,6.9375,0.24999999999999997,0.0,0.0,0.8000000000000004,0.19534883720930232,0.16744186046511628,0.38139534883720894
0.2981818181818181,5.12890625,6.98828125,0.24999999999999997,0.0,0.0,0.8000000000000004,0.19534883720930232,0.16744186046511628,0.39069767441860426
0.3006060606060606,5.17578125,7.0234375,0.27499999999999997,0.0,0.0,0.8000000000000004,0.19534883720930232,0.16744186046511628,0.39069767441860426
0.303030303030303,5.21875,7.07421875,0.27499999999999997,0.0,0.0,0.8000000000000004,0.20465116279069767,0.16744186046511628,0.39069767441860426
0.3054545454545454,5.26171875,7.11328125,0.27499999999999997,0.0,0.0,0.8000000000000004,0.20465116279069767,0.17674418604651163,0.39069767441860426
0.3078787878787878,5.3046875,7.15625,0.27499999999999997,0.0,0.0,0.8000000000000004,0.20465116279069767,0.18604651162790697,0.39069767441860426
0.31030303030303025,5.34765625,7.19921875,0.27499999999999997,0.0,0.0,0.8000000000000004,0.21395348837209302,0.18604651162790697,0.39069767441860426
0.31272727272727263,5.390625,7.234375,0.27499999999999997,0.0,0.0,0.8000000000000004,0.21395348837209302,0.19534883720930232,0.39069767441860426
0.31515151515151507,5.43359375,7.28125,0.27499999999999997,0.0,0.0,0.8000000000000004,0.21395348837209302,0.19534883720930232,0.3999999999999996
0.31757575757575746,5.4765625,7.3203125,0.27499999999999997,0.0,0.0,0.8000000000000004,0.21395348837209302,0.20465116279069767,0.3999999999999996
0.3199999999999999,5.51953125,7.3671875,0.27499999999999997,0.0,0.0,0.8000000000000004,0.21395348837209302,0.20465116279069767,0.4093023255813949
0.32242424242424234,5.55859375,7.40625,0.27499999999999997,0.0,0.0,0.8000000000000004,0.21395348837209302,0.20465116279069767,0.4186046511627902
0.3248484848484847,5.6015625,7.453125,0.27499999999999997,0.0,0.0,0.8000000000000004,0.21395348837209302,0.20465116279069767,0.42790697674418554
0.32727272727272716,5.64453125,7.5,0.27499999999999997,0.0,0.0,0.8000000000000004,0.22325581395348837,0.20465116279069767,0.42790697674418554
0.3296969696969696,5.6875,7.53515625,0.27499999999999997,0.0,0.0,0.8000000000000004,0.22325581395348837,0.20465116279069767,0.43720930232558086
0.332121212121212,5.734375,7.58203125,0.27499999999999997,0.0,0.0,0.8250000000000004,0.22325581395348837,0.20465116279069767,0.43720930232558086
0.3345454545454544,5.77734375,7.62109375,0.3,0.0,0.0,0.8250000000000004,0.22325581395348837,0.20465116279069767,0.43720930232558086
0.3369696969696969,5.82421875,7.671875,0.3,0.0,0.0,0.8250000000000004,0.23255813953488372,0.20465116279069767,0.43720930232558086
0.33939393939393925,5.8671875,7.7109375,0.3,0.0,0.0,0.8250000000000004,0.24186046511627907,0.20465116279069767,0.43720930232558086
0.34181818181818174,5.91015625,7.75,0.3,0.0,0.0,0.8250000000000004,0.25116279069767444,0.20465116279069767,0.43720930232558086
0.3442424242424241,5.953125,7.80078125,0.3,0.0,0.0,0.8250000000000004,0.25116279069767444,0.21395348837209302,0.43720930232558086
0.34666666666666657,5.99609375,7.83984375,0.3,0.0,0.0,0.8250000000000004,0.26046511627906976,0.21395348837209302,0.43720930232558086
0.34909090909090895,6.04296875,7.88671875,0.3,0.0,0.0,0.8250000000000004,0.2697674418604651,0.21395348837209302,0.43720930232558086
0.3515151515151514,6.0859375,7.9296875,0.3,0.0,0.0,0.8250000000000004,0.2697674418604651,0.22325581395348837,0.43720930232558086
0.3539393939393938,6.12890625,7.96875,0.3,0.0,0.0,0.8250000000000004,0.2697674418604651,0.22325581395348837,0.4465116279069762
0.3563636363636362,6.171875,8.015625,0.3,0.0,0.0,0.8250000000000004,0.2697674418604651,0.22325581395348837,0.4558139534883715
0.35878787878787866,6.2109375,8.0546875,0.3,0.0,0.0,0.8250000000000004,0.2697674418604651,0.22325581395348837,0.4651162790697668
0.3612121212121211,6.25390625,8.09375,0.3,0.0,0.0,0.8250000000000004,0.2697674418604651,0.23255813953488372,0.4651162790697668
0.36363636363636354,6.296875,8.1484375,0.3,0.0,0.0,0.8250000000000004,0.2697674418604651,0.24186046511627907,0.4651162790697668
0.3660606060606059,6.33984375,8.1875,0.3,0.0,0.0,0.8250000000000004,0.2697674418604651,0.25116279069767444,0.4651162790697668
0.36848484848484836,6.3828125,8.2265625,0.3,0.0,0.0,0.8250000000000004,0.2697674418604651,0.26046511627906976,0.4651162790697668
0.37090909090909074,6.42578125,8.2734375,0.3,0.0,0.0,0.8250000000000004,0.2697674418604651,0.26046511627906976,0.47441860465116215
0.37333333333333324,6.46875,8.3125,0.3,0.0,0.0,0.8250000000000004,0.2697674418604651,0.26046511627906976,0.48372093023255747
0.37575757575757557,6.51171875,8.3515625,0.3,0.0,0.0,0.8250000000000004,0.2697674418604651,0.26046511627906976,0.4930232558139528
0.37818181818181806,6.5546875,8.3984375,0.325,0.0,0.0,0.8250000000000004,0.2697674418604651,0.26046511627906976,0.4930232558139528
0.3806060606060605,6.59765625,8.4453125,0.325,0.0,0.0,0.8250000000000004,0.2790697674418604,0.26046511627906976,0.4930232558139528
0.3830303030303029,6.640625,8.484375,0.325,0.0,0.0,0.8250000000000004,0.2790697674418604,0.26046511627906976,0.5023255813953481
0.38545454545454527,6.6875,8.53125,0.325,0.0,0.0,0.8250000000000004,0.2883720930232557,0.26046511627906976,0.5023255813953481
0.3878787878787877,6.73046875,8.578125,0.325,0.0,0.0,0.8250000000000004,0.29767441860465105,0.26046511627906976,0.5023255813953481
0.3903030303030301,6.7734375,8.6171875,0.325,0.0,0.0,0.8250000000000004,0.29767441860465105,0.2697674418604651,0.5023255813953481
0.39272727272727254,6.81640625,8.6640625,0.325,0.0,0.0,0.8250000000000004,0.29767441860465105,0.2790697674418604,0.5023255813953481
0.395151515151515,6.86328125,8.703125,0.325,0.0,0.0,0.8250000000000004,0.29767441860465105,0.2883720930232557,0.5023255813953481
0.39757575757575736,6.90625,8.75,0.325,0.0,0.0,0.8250000000000004,0.29767441860465105,0.29767441860465105,0.5023255813953481
0.3999999999999998,6.94921875,8.796875,0.325,0.0,0.0,0.8250000000000004,0.29767441860465105,0.29767441860465105,0.5116279069767434
0.4024242424242422,6.9921875,8.8359375,0.325,0.0,0.0,0.8250000000000004,0.29767441860465105,0.29767441860465105,0.5209302325581388
0.4048484848484847,7.03515625,8.875,0.325,0.0,0.0,0.8250000000000004,0.29767441860465105,0.29767441860465105,0.5302325581395341
0.407272727272727,7.078125,8.921875,0.325,0.0,0.0,0.8250000000000004,0.29767441860465105,0.29767441860465105,0.5395348837209294
0.4096969696969695,7.125,8.9609375,0.325,0.0,0.0,0.8250000000000004,0.30697674418604637,0.29767441860465105,0.5395348837209294
0.4121212121212119,7.16796875,9.0078125,0.325,0.0,0.0,0.8250000000000004,0.3162790697674417,0.29767441860465105,0.5395348837209294
0.41454545454545433,7.2109375,9.046875,0.325,0.0,0.0,0.8250000000000004,0.325581395348837,0.29767441860465105,0.5395348837209294
0.4169696969696967,7.25390625,9.09375,0.325,0.0,0.0,0.8250000000000004,0.325581395348837,0.29767441860465105,0.5488372093023247
0.41939393939393915,7.296875,9.1328125,0.325,0.0,0.0,0.8250000000000004,0.325581395348837,0.29767441860465105,0.55813953488372
0.42181818181818154,7.33984375,9.171875,0.325,0.0,0.0,0.8250000000000004,0.325581395348837,0.29767441860465105,0.5674418604651154
0.424242424242424,7.38671875,9.2265625,0.35000000000000003,0.0,0.0,0.8250000000000004,0.325581395348837,0.29767441860465105,0.5674418604651154
0.42666666666666636,7.43359375,9.265625,0.35000000000000003,0.0,0.0,0.8500000000000004,0.325581395348837,0.29767441860465105,0.5674418604651154
0.4290909090909088,7.4765625,9.296875,0.35000000000000003,0.0,0.0,0.8500000000000004,0.325581395348837,0.30697674418604637,0.5674418604651154
0.4315151515151512,7.51953125,9.3515625,0.35000000000000003,0.0,0.0,0.8500000000000004,0.325581395348837,0.3162790697674417,0.5674418604651154
0.4339393939393936,7.5625,9.390625,0.35000000000000003,0.0,0.0,0.8500000000000004,0.325581395348837,0.325581395348837,0.5674418604651154
0.436363636363636,7.60546875,9.4296875,0.35000000000000003,0.0,0.0,0.8500000000000004,0.325581395348837,0.325581395348837,0.5767441860465107
0.4387878787878785,7.65234375,9.4765625,0.35000000000000003,0.0,0.0,0.8500000000000004,0.33488372093023233,0.325581395348837,0.5767441860465107
0.44121212121212083,7.69140625,9.5234375,0.35000000000000003,0.0,0.0,0.8500000000000004,0.34418604651162765,0.325581395348837,0.5767441860465107
0.44363636363636333,7.734375,9.5625,0.35000000000000003,0.0,0.0,0.8500000000000004,0.353488372093023,0.325581395348837,0.5767441860465107
0.44606060606060577,7.78125,9.6015625,0.35000000000000003,0.0,0.0,0.8500000000000004,0.3627906976744183,0.325581395348837,0.5767441860465107
0.44848484848484815,7.82421875,9.65625,0.35000000000000003,0.0,0.0,0.8500000000000004,0.3720930232558136,0.325581395348837,0.5767441860465107
0.4509090909090906,7.87109375,9.6953125,0.37500000000000006,0.0,0.0,0.8500000000000004,0.3720930232558136,0.325581395348837,0.5767441860465107
0.453333333333333,7.91796875,9.734375,0.37500000000000006,0.0,0.0,0.8500000000000004,0.38139534883720894,0.325581395348837,0.5767441860465107
0.4557575757575754,7.9609375,9.7890625,0.37500000000000006,0.0,0.0,0.8500000000000004,0.38139534883720894,0.33488372093023233,0.5767441860465107
0.4581818181818178,8.0078125,9.8203125,0.37500000000000006,0.0,0.0,0.8500000000000004,0.39069767441860426,0.33488372093023233,0.5767441860465107
0.46060606060606024,8.046875,9.859375,0.37500000000000006,0.0,0.0,0.8500000000000004,0.39069767441860426,0.34418604651162765,0.5767441860465107
0.4630303030303026,8.09375,9.90625,0.37500000000000006,0.0,0.0,0.8500000000000004,0.3999999999999996,0.34418604651162765,0.5767441860465107
0.46545454545454507,8.140625,9.953125,0.37500000000000006,0.0,0.0,0.8500000000000004,0.3999999999999996,0.353488372093023,0.5767441860465107
0.46787878787878745,8.1796875,9.9921875,0.37500000000000006,0.0,0.0,0.8500000000000004,0.3999999999999996,0.3627906976744183,0.5767441860465107
0.47030303030302995,8.2265625,10.0390625,0.37500000000000006,0.0,0.0,0.8500000000000004,0.4093023255813949,0.3627906976744183,0.5767441860465107
0.4727272727272723,8.265625,10.0859375,0.37500000000000006,0.0,0.0,0.8500000000000004,0.4093023255813949,0.3627906976744183,0.586046511627906
0.47515151515151477,8.3046875,10.125,0.37500000000000006,0.0,0.0,0.8500000000000004,0.4093023255813949,0.3627906976744183,0.5953488372093013
0.47757575757575715,8.3515625,10.1640625,0.37500000000000006,0.0,0.0,0.8500000000000004,0.4186046511627902,0.3627906976744183,0.5953488372093013
0.4799999999999996,8.390625,10.2109375,0.37500000000000006,0.0,0.0,0.8500000000000004,0.4186046511627902,0.3720930232558136,0.5953488372093013
0.482424242424242,8.4296875,10.25,0.37500000000000006,0.0,0.0,0.8500000000000004,0.4186046511627902,0.3720930232558136,0.6046511627906966
0.4848484848484844,8.4765625,10.2890625,0.37500000000000006,0.0,0.0,0.8500000000000004,0.42790697674418554,0.3720930232558136,0.6046511627906966
0.4872727272727268,8.515625,10.3359375,0.37500000000000006,0.0,0.0,0.8500000000000004,0.42790697674418554,0.3720930232558136,0.613953488372092
0.48969696969696924,8.5625,10.3828125,0.37500000000000006,0.0,0.0,0.8500000000000004,0.42790697674418554,0.38139534883720894,0.613953488372092
0.4921212121212117,8.6015625,10.421875,0.37500000000000006,0.0,0.0,0.8500000000000004,0.42790697674418554,0.39069767441860426,0.613953488372092
0.49454545454545407,8.6484375,10.46875,0.37500000000000006,0.0,0.0,0.8500000000000004,0.43720930232558086,0.39069767441860426,0.613953488372092
0.49696969696969645,8.6875,10.5078125,0.37500000000000006,0.0,0.0,0.8500000000000004,0.43720930232558086,0.3999999999999996,0.613953488372092
0.4993939393939389,8.734375,10.546875,0.37500000000000006,0.0,0.0,0.8500000000000004,0.4465116279069762,0.3999999999999996,0.613953488372092
0.5018181818181814,8.78125,10.59375,0.37500000000000006,0.0,0.0,0.8500000000000004,0.4558139534883715,0.3999999999999996,0.613953488372092
0.5042424242424237,8.828125,10.6328125,0.37500000000000006,0.0,0.0,0.8500000000000004,0.4651162790697668,0.3999999999999996,0.613953488372092
0.5066666666666662,8.8671875,10.671875,0.37500000000000006,0.0,0.0,0.8500000000000004,0.4651162790697668,0.4093023255813949,0.613953488372092
0.5090909090909086,8.90625,10.71875,0.37500000000000006,0.0,0.0,0.8500000000000004,0.4651162790697668,0.4186046511627902,0.613953488372092
0.511515151515151,8.9453125,10.7578125,0.37500000000000006,0.0,0.0,0.8500000000000004,0.4651162790697668,0.4186046511627902,0.6232558139534873
0.5139393939393934,8.984375,10.796875,0.37500000000000006,0.0,0.0,0.8500000000000004,0.4651162790697668,0.4186046511627902,0.6325581395348826
0.5163636363636358,9.0234375,10.8515625,0.37500000000000006,0.0,0.0,0.8500000000000004,0.4651162790697668,0.42790697674418554,0.6325581395348826
0.5187878787878782,9.0625,10.8828125,0.37500000000000006,0.0,0.0,0.8500000000000004,0.4651162790697668,0.42790697674418554,0.6418604651162779
0.5212121212121207,9.1015625,10.921875,0.37500000000000006,0.0,0.0,0.8500000000000004,0.4651162790697668,0.42790697674418554,0.6511627906976732
0.5236363636363631,9.1484375,10.96875,0.37500000000000006,0.0,0.0,0.8500000000000004,0.47441860465116215,0.42790697674418554,0.6511627906976732
0.5260606060606056,9.1875,11.0078125,0.37500000000000006,0.0,0.0,0.8500000000000004,0.47441860465116215,0.43720930232558086,0.6511627906976732
0.5284848484848479,9.234375,11.046875,0.37500000000000006,0.0,0.0,0.8500000000000004,0.48372093023255747,0.43720930232558086,0.6511627906976732
0.5309090909090903,9.2734375,11.09375,0.37500000000000006,0.0,0.0,0.8500000000000004,0.48372093023255747,0.4465116279069762,0.6511627906976732
0.5333333333333328,9.3125,11.1328125,0.37500000000000006,0.0,0.0,0.8500000000000004,0.48372093023255747,0.4465116279069762,0.6604651162790686
0.5357575757575751,9.3515625,11.171875,0.37500000000000006,0.0,0.0,0.8500000000000004,0.48372093023255747,0.4465116279069762,0.6697674418604639
0.5381818181818175,9.390625,11.21875,0.37500000000000006,0.0,0.0,0.8500000000000004,0.48372093023255747,0.4465116279069762,0.6790697674418592
0.54060606060606,9.4296875,11.2578125,0.37500000000000006,0.0,0.0,0.8500000000000004,0.48372093023255747,0.4465116279069762,0.6883720930232545
0.5430303030303024,9.46875,11.296875,0.37500000000000006,0.0,0.0,0.8500000000000004,0.48372093023255747,0.4465116279069762,0.6976744186046498
0.5454545454545449,9.515625,11.3359375,0.37500000000000006,0.0,0.0,0.8500000000000004,0.4930232558139528,0.4465116279069762,0.6976744186046498
0.5478787878787872,9.5546875,11.375,0.37500000000000006,0.0,0.0,0.8500000000000004,0.4930232558139528,0.4558139534883715,0.6976744186046498
0.5503030303030296,9.5859375,11.421875,0.37500000000000006,0.0,0.0,0.8500000000000004,0.4930232558139528,0.4651162790697668,0.6976744186046498
0.5527272727272722,9.625,11.453125,0.37500000000000006,0.0,0.0,0.8500000000000004,0.4930232558139528,0.4651162790697668,0.7069767441860452
0.5551515151515145,9.6640625,11.4921875,0.37500000000000006,0.0,0.0,0.8500000000000004,0.4930232558139528,0.4651162790697668,0.7162790697674405
0.5575757575757568,9.7109375,11.5390625,0.4000000000000001,0.0,0.0,0.8500000000000004,0.4930232558139528,0.4651162790697668,0.7162790697674405
0.5599999999999994,9.7578125,11.578125,0.4000000000000001,0.0,0.0,0.8500000000000004,0.5023255813953481,0.4651162790697668,0.7162790697674405
0.5624242424242417,9.796875,11.6171875,0.4000000000000001,0.0,0.0,0.8500000000000004,0.5116279069767434,0.4651162790697668,0.7162790697674405
0.5648484848484842,9.8359375,11.65625,0.4000000000000001,0.0,0.0,0.8500000000000004,0.5209302325581388,0.4651162790697668,0.7162790697674405
0.5672727272727266,9.875,11.703125,0.4000000000000001,0.0,0.0,0.8500000000000004,0.5209302325581388,0.47441860465116215,0.7162790697674405
0.569696969696969,9.9140625,11.734375,0.4000000000000001,0.0,0.0,0.8500000000000004,0.5209302325581388,0.48372093023255747,0.7162790697674405
0.5721212121212114,9.953125,11.7734375,0.4000000000000001,0.0,0.0,0.8500000000000004,0.5302325581395341,0.48372093023255747,0.7162790697674405
0.5745454545454538,9.9921875,11.8203125,0.4000000000000001,0.0,0.0,0.8500000000000004,0.5302325581395341,0.4930232558139528,0.7162790697674405
0.5769696969696962,10.03125,11.8515625,0.4000000000000001,0.0,0.0,0.8500000000000004,0.5395348837209294,0.4930232558139528,0.7162790697674405
0.5793939393939387,10.0703125,11.890625,0.4000000000000001,0.0,0.0,0.8500000000000004,0.5395348837209294,0.5023255813953481,0.7162790697674405
0.5818181818181811,10.109375,11.9296875,0.4000000000000001,0.0,0.0,0.8500000000000004,0.5395348837209294,0.5116279069767434,0.7162790697674405
0.5842424242424235,10.1484375,11.9765625,0.4000000000000001,0.0,0.0,0.8500000000000004,0.5488372093023247,0.5116279069767434,0.7162790697674405
0.586666666666666,10.1875,12.0078125,0.4000000000000001,0.0,0.0,0.8500000000000004,0.55813953488372,0.5116279069767434,0.7162790697674405
0.5890909090909083,10.2265625,12.0390625,0.4000000000000001,0.0,0.0,0.8500000000000004,0.55813953488372,0.5209302325581388,0.7162790697674405
0.5915151515151508,10.265625,12.0859375,0.4000000000000001,0.0,0.0,0.8500000000000004,0.55813953488372,0.5302325581395341,0.7162790697674405
0.5939393939393932,10.296875,12.1171875,0.4000000000000001,0.0,0.0,0.8500000000000004,0.55813953488372,0.5302325581395341,0.7255813953488358
0.5963636363636357,10.328125,12.15625,0.4000000000000001,0.0,0.0,0.8500000000000004,0.55813953488372,0.5302325581395341,0.7348837209302311
0.598787878787878,10.3671875,12.1875,0.4000000000000001,0.0,0.0,0.8500000000000004,0.55813953488372,0.5395348837209294,0.7348837209302311
0.6012121212121204,10.3984375,12.234375,0.4000000000000001,0.0,0.0,0.8500000000000004,0.55813953488372,0.5395348837209294,0.7441860465116265
0.6036363636363629,10.4375,12.265625,0.4000000000000001,0.0,0.0,0.8500000000000004,0.55813953488372,0.5488372093023247,0.7441860465116265
0.6060606060606053,10.46875,12.3046875,0.4000000000000001,0.0,0.0,0.8500000000000004,0.55813953488372,0.5488372093023247,0.7534883720930218
0.6084848484848476,10.5078125,12.3359375,0.4000000000000001,0.0,0.0,0.8500000000000004,0.55813953488372,0.55813953488372,0.7534883720930218
0.6109090909090901,10.5390625,12.375,0.4000000000000001,0.0,0.0,0.8500000000000004,0.55813953488372,0.55813953488372,0.7627906976744171
0.6133333333333325,10.5703125,12.40625,0.4000000000000001,0.0,0.0,0.8500000000000004,0.55813953488372,0.55813953488372,0.7720930232558124
0.6157575757575748,10.609375,12.4453125,0.4000000000000001,0.0,0.0,0.8500000000000004,0.5674418604651154,0.55813953488372,0.7720930232558124
0.6181818181818173,10.6484375,12.4765625,0.4000000000000001,0.0,0.0,0.8500000000000004,0.5767441860465107,0.55813953488372,0.7720930232558124
0.6206060606060597,10.6796875,12.515625,0.4000000000000001,0.0,0.0,0.8500000000000004,0.586046511627906,0.55813953488372,0.7720930232558124
0.623030303030302,10.7109375,12.546875,0.4000000000000001,0.0,0.0,0.8500000000000004,0.586046511627906,0.55813953488372,0.7813953488372077
0.6254545454545445,10.7421875,12.5859375,0.4000000000000001,0.0,0.0,0.8500000000000004,0.586046511627906,0.55813953488372,0.7906976744186031
0.627878787878787,10.78125,12.625,0.4000000000000001,0.0,0.0,0.8500000000000004,0.5953488372093013,0.55813953488372,0.7906976744186031
0.6303030303030294,10.8125,12.65625,0.4000000000000001,0.0,0.0,0.8500000000000004,0.6046511627906966,0.55813953488372,0.7906976744186031
0.6327272727272718,10.8515625,12.6875,0.4000000000000001,0.0,0.0,0.8500000000000004,0.613953488372092,0.55813953488372,0.7906976744186031
0.6351515151515142,10.8828125,12.71875,0.4000000000000001,0.0,0.0,0.8500000000000004,0.613953488372092,0.5674418604651154,0.7906976744186031
0.6375757575757567,10.9140625,12.7578125,0.4000000000000001,0.0,0.0,0.8500000000000004,0.613953488372092,0.5767441860465107,0.7906976744186031
0.6399999999999991,10.9453125,12.7890625,0.4000000000000001,0.0,0.0,0.8500000000000004,0.613953488372092,0.586046511627906,0.7906976744186031
0.6424242424242415,10.9765625,12.8125,0.4000000000000001,0.0,0.0,0.8500000000000004,0.6232558139534873,0.586046511627906,0.7906976744186031
0.6448484848484839,11.0078125,12.8515625,0.4000000000000001,0.0,0.0,0.8500000000000004,0.6232558139534873,0.5953488372093013,0.7906976744186031
0.6472727272727263,11.0390625,12.875,0.4000000000000001,0.0,0.0,0.8500000000000004,0.6325581395348826,0.5953488372093013,0.7906976744186031
0.6496969696969688,11.0703125,12.9140625,0.4000000000000001,0.0,0.0,0.8500000000000004,0.6325581395348826,0.6046511627906966,0.7906976744186031
0.6521212121212112,11.09375,12.9453125,0.4000000000000001,0.0,0.0,0.8500000000000004,0.6325581395348826,0.6046511627906966,0.7999999999999984
0.6545454545454535,11.125,12.96875,0.4000000000000001,0.0,0.0,0.8500000000000004,0.6325581395348826,0.613953488372092,0.7999999999999984
0.656969696969696,11.15625,13.0,0.4000000000000001,0.0,0.0,0.8500000000000004,0.6418604651162779,0.613953488372092,0.7999999999999984
0.6593939393939384,11.1875,13.03125,0.4000000000000001,0.0,0.0,0.8500000000000004,0.6511627906976732,0.613953488372092,0.7999999999999984
0.6618181818181809,11.21875,13.0625,0.4000000000000001,0.0,0.0,0.8500000000000004,0.6511627906976732,0.6232558139534873,0.7999999999999984
0.6642424242424233,11.2421875,13.09375,0.4000000000000001,0.0,0.0,0.8500000000000004,0.6511627906976732,0.6232558139534873,0.8093023255813937
0.6666666666666656,11.265625,13.125,0.4000000000000001,0.0,0.0,0.8500000000000004,0.6511627906976732,0.6232558139534873,0.818604651162789
0.6690909090909081,11.296875,13.1484375,0.4000000000000001,0.0,0.0,0.8500000000000004,0.6604651162790686,0.6232558139534873,0.818604651162789
0.6715151515151505,11.3203125,13.1796875,0.4000000000000001,0.0,0.0,0.8500000000000004,0.6604651162790686,0.6325581395348826,0.818604651162789
0.6739393939393931,11.3515625,13.203125,0.4000000000000001,0.0,0.0,0.8500000000000004,0.6697674418604639,0.6325581395348826,0.818604651162789
0.6763636363636353,11.375,13.234375,0.4000000000000001,0.0,0.0,0.8500000000000004,0.6697674418604639,0.6418604651162779,0.818604651162789
0.6787878787878777,11.3984375,13.2578125,0.4000000000000001,0.0,0.0,0.8500000000000004,0.6697674418604639,0.6418604651162779,0.8279069767441843
0.6812121212121202,11.421875,13.28125,0.4000000000000001,0.0,0.0,0.8500000000000004,0.6697674418604639,0.6511627906976732,0.8279069767441843
0.6836363636363626,11.4453125,13.3125,0.4000000000000001,0.0,0.0,0.8500000000000004,0.6697674418604639,0.6511627906976732,0.8372093023255797
0.686060606060605,11.46875,13.3359375,0.4000000000000001,0.0,0.0,0.8500000000000004,0.6697674418604639,0.6604651162790686,0.8372093023255797
0.6884848484848475,11.4921875,13.3671875,0.4000000000000001,0.0,0.0,0.8500000000000004,0.6697674418604639,0.6697674418604639,0.8372093023255797
0.6909090909090899,11.515625,13.3828125,0.4000000000000001,0.0,0.0,0.8500000000000004,0.6697674418604639,0.6697674418604639,0.846511627906975
0.6933333333333324,11.5390625,13.4140625,0.4000000000000001,0.0,0.0,0.8500000000000004,0.6697674418604639,0.6790697674418592,0.846511627906975
0.6957575757575746,11.5625,13.4375,0.4000000000000001,0.0,0.0,0.8500000000000004,0.6790697674418592,0.6790697674418592,0.846511627906975
0.6981818181818171,11.5859375,13.4609375,0.4000000000000001,0.0,0.0,0.8500000000000004,0.6883720930232545,0.6790697674418592,0.846511627906975
0.7006060606060596,11.609375,13.484375,0.4000000000000001,0.0,0.0,0.8500000000000004,0.6883720930232545,0.6883720930232545,0.846511627906975
0.703030303030302,11.6328125,13.5078125,0.4000000000000001,0.0,0.0,0.8500000000000004,0.6976744186046498,0.6883720930232545,0.846511627906975
0.7054545454545443,11.65625,13.53125,0.4000000000000001,0.0,0.0,0.8500000000000004,0.7069767441860452,0.6883720930232545,0.846511627906975
0.7078787878787868,11.671875,13.546875,0.4000000000000001,0.0,0.0,0.8500000000000004,0.7069767441860452,0.6883720930232545,0.8558139534883703
0.7103030303030292,11.6953125,13.5703125,0.4000000000000001,0.0,0.0,0.8500000000000004,0.7162790697674405,0.6883720930232545,0.8558139534883703
0.7127272727272717,11.71875,13.59375,0.4000000000000001,0.0,0.0,0.8500000000000004,0.7255813953488358,0.6883720930232545,0.8558139534883703
0.7151515151515141,11.734375,13.609375,0.4000000000000001,0.0,0.0,0.8500000000000004,0.7255813953488358,0.6883720930232545,0.8651162790697656
0.7175757575757564,11.7578125,13.6328125,0.4000000000000001,0.0,0.0,0.8500000000000004,0.7348837209302311,0.6883720930232545,0.8651162790697656
0.7199999999999989,11.7734375,13.6484375,0.4000000000000001,0.0,0.0,0.8500000000000004,0.7348837209302311,0.6883720930232545,0.874418604651161
0.7224242424242413,11.7890625,13.671875,0.4000000000000001,0.0,0.0,0.8500000000000004,0.7348837209302311,0.6883720930232545,0.8837209302325563
0.7248484848484836,11.8125,13.6875,0.4000000000000001,0.0,0.0,0.8500000000000004,0.7441860465116265,0.6883720930232545,0.8837209302325563
0.7272727272727261,11.828125,13.703125,0.4000000000000001,0.0,0.0,0.8500000000000004,0.7441860465116265,0.6976744186046498,0.8837209302325563
0.7296969696969685,11.84375,13.71875,0.4000000000000001,0.0,0.0,0.8500000000000004,0.7534883720930218,0.6976744186046498,0.8837209302325563
0.732121212121211,11.859375,13.7421875,0.4000000000000001,0.0,0.0,0.8500000000000004,0.7534883720930218,0.7069767441860452,0.8837209302325563
0.7345454545454533,11.875,13.7578125,0.4000000000000001,0.0,0.0,0.8500000000000004,0.7534883720930218,0.7162790697674405,0.8837209302325563
0.7369696969696957,11.890625,13.7734375,0.4000000000000001,0.0,0.0,0.8500000000000004,0.7534883720930218,0.7255813953488358,0.8837209302325563
0.7393939393939382,11.90625,13.7890625,0.4000000000000001,0.0,0.0,0.8500000000000004,0.7627906976744171,0.7255813953488358,0.8837209302325563
0.7418181818181806,11.921875,13.8046875,0.4000000000000001,0.0,0.0,0.8500000000000004,0.7627906976744171,0.7348837209302311,0.8837209302325563
0.7442424242424229,11.9375,13.8125,0.4000000000000001,0.0,0.0,0.8500000000000004,0.7720930232558124,0.7348837209302311,0.8837209302325563
0.7466666666666654,11.953125,13.828125,0.4000000000000001,0.0,0.0,0.8500000000000004,0.7813953488372077,0.7348837209302311,0.8837209302325563
0.7490909090909078,11.96875,13.84375,0.4000000000000001,0.0,0.0,0.8500000000000004,0.7906976744186031,0.7348837209302311,0.8837209302325563
0.7515151515151504,11.984375,13.8515625,0.4000000000000001,0.0,0.0,0.8500000000000004,0.7999999999999984,0.7348837209302311,0.8837209302325563
0.7539393939393926,12.0,13.8671875,0.4000000000000001,0.0,0.0,0.8500000000000004,0.8093023255813937,0.7348837209302311,0.8837209302325563
0.756363636363635,12.0078125,13.875,0.4000000000000001,0.0,0.0,0.8500000000000004,0.8093023255813937,0.7348837209302311,0.8930232558139516
0.7587878787878776,12.0234375,13.8828125,0.4000000000000001,0.0,0.0,0.8500000000000004,0.818604651162789,0.7348837209302311,0.8930232558139516
0.76121212121212,12.0390625,13.8984375,0.4000000000000001,0.0,0.0,0.8500000000000004,0.8279069767441843,0.7348837209302311,0.8930232558139516
0.7636363636363623,12.046875,13.90625,0.4000000000000001,0.0,0.0,0.8500000000000004,0.8279069767441843,0.7441860465116265,0.8930232558139516
0.7660606060606047,12.0546875,13.9140625,0.4000000000000001,0.0,0.0,0.8500000000000004,0.8279069767441843,0.7534883720930218,0.8930232558139516
0.7684848484848472,12.0625,13.921875,0.4000000000000001,0.0,0.0,0.8500000000000004,0.8279069767441843,0.7534883720930218,0.9023255813953469
0.7709090909090897,12.078125,13.9296875,0.4000000000000001,0.0,0.0,0.8500000000000004,0.8372093023255797,0.7534883720930218,0.9023255813953469
0.7733333333333321,12.0859375,13.9375,0.4000000000000001,0.0,0.0,0.8500000000000004,0.846511627906975,0.7534883720930218,0.9023255813953469
0.7757575757575745,12.09375,13.9375,0.4000000000000001,0.0,0.0,0.8500000000000004,0.846511627906975,0.7627906976744171,0.9023255813953469
0.7781818181818169,12.1015625,13.9453125,0.4000000000000001,0.0,0.0,0.8500000000000004,0.846511627906975,0.7720930232558124,0.9023255813953469
0.7806060606060593,12.109375,13.953125,0.4000000000000001,0.0,0.0,0.8500000000000004,0.8558139534883703,0.7720930232558124,0.9023255813953469
0.7830303030303017,12.1171875,13.953125,0.4000000000000001,0.0,0.0,0.8500000000000004,0.8558139534883703,0.7813953488372077,0.9023255813953469
0.7854545454545442,12.125,13.953125,0.4000000000000001,0.0,0.0,0.8500000000000004,0.8651162790697656,0.7813953488372077,0.9023255813953469
0.7878787878787865,12.1328125,13.9609375,0.4000000000000001,0.0,0.0,0.8500000000000004,0.8651162790697656,0.7906976744186031,0.9023255813953469
0.790303030303029,12.140625,13.9609375,0.4000000000000001,0.0,0.0,0.8500000000000004,0.874418604651161,0.7906976744186031,0.9023255813953469
0.7927272727272714,12.1484375,13.9609375,0.4000000000000001,0.0,0.0,0.8500000000000004,0.8837209302325563,0.7906976744186031,0.9023255813953469
0.7951515151515138,12.15625,13.9609375,0.4000000000000001,0.0,0.0,0.8500000000000004,0.8930232558139516,0.7906976744186031,0.9023255813953469
0.7975757575757562,12.1640625,13.9609375,0.4000000000000001,0.0,0.0,0.8500000000000004,0.9023255813953469,0.7906976744186031,0.9023255813953469
0.7999999999999986,12.171875,13.9609375,0.4000000000000001,0.0,0.0,0.8500000000000004,0.9116279069767422,0.7906976744186031,0.9023255813953469
0.802424242424241,12.171875,13.953125,0.4000000000000001,0.0,0.0,0.8500000000000004,0.9116279069767422,0.7999999999999984,0.9023255813953469
