timestamp,model_name,method,input_length,output_length,batch_size,compute_mode,force_dataflow,quant_scheme,processed_sparsity,total_cycles,compute_cycles,mem_stall_cycles,total_energy,core_energy,buffer_energy,dram_energy,static_energy,total_power,area_mm2,prefill_cycles,decode_cycles,prefill_energy,decode_energy,tokens_per_s,energy_per_token
2026-04-11 14:10:16,mistral_7b,vortex,512,256,1,lut_based,,AQLM|CQ,RVQ_0.0,7931795456,7919403008,12392448,150.39299487887138,44.028373678032,5.2437724785097934,101.12084872232958,0.0,9.4803878713934,1.3212197343807996,4009957376,3921838080,73.01846280270995,77.37453207616144,48.41274615944912,0.1958242120818637
2026-04-11 14:10:27,mistral_7b,vortex,512,256,1,lut_based,LUF,AQLM|CQ,RVQ_0.0,63788185600,63781896192,6289408,876.5607212203684,508.68090692336034,42.170872151062525,325.7089421459455,0.0,6.870870467433144,1.3212197343807996,4009957376,59778228224,73.01846280270995,803.5422584176584,6.01992353894449,1.141355105755688
2026-04-11 14:10:29,mistral_7b,vortex,512,256,1,lut_based,,AQLM|CQ,RVQ_0.3,6937671680,6927900672,9771008,129.78371498092568,41.17591107852842,4.586549416500839,84.0212544858964,0.0,9.353549790707715,1.3212197343807996,4009957376,2927714304,73.01846280270995,56.76525217821573,55.34998162380611,0.1689892122147469
2026-04-11 14:10:40,mistral_7b,vortex,512,256,1,lut_based,LUF,AQLM|CQ,RVQ_0.3,63788185600,63781896192,6289408,876.5607212203684,508.68090692336034,42.170872151062525,325.7089421459455,0.0,6.870870467433144,1.3212197343807996,4009957376,59778228224,73.01846280270995,803.5422584176584,6.01992353894449,1.141355105755688
2026-04-11 14:10:56,mistral_7b,vortex,512,4096,1,lut_based,,AQLM|CQ,RVQ_0.0,81774974976,81579737088,195237888,1650.3368224823696,379.2491592613601,54.062080343436406,1217.025582877573,0.0,10.090720437191967,1.3212197343807996,4009957376,77765017600,73.01846280270995,1577.3183596796596,28.17487869212063,0.3581460118234309
2026-04-11 14:13:30,mistral_7b,vortex,512,4096,1,lut_based,LUF,AQLM|CQ,RVQ_0.0,981382797312,981285208064,97589248,13346.861333299845,7864.11512424612,648.799900599406,4833.946308454318,0.0,6.800028169363063,1.3212197343807996,4009957376,977372839936,73.01846280270995,13273.842870497134,2.347707751053553,2.89645428240014
2026-04-11 14:13:46,mistral_7b,vortex,512,4096,1,lut_based,,AQLM|CQ,RVQ_0.3,65868994560,65715699712,153294848,1320.588344115372,333.60975766930216,43.54651135129314,943.4320750947768,0.0,10.0243548040835,1.3212197343807996,4009957376,61859037184,73.01846280270995,1247.569881312662,34.978520856292846,0.2865860121778151
2026-04-11 14:16:21,mistral_7b,vortex,512,4096,1,lut_based,LUF,AQLM|CQ,RVQ_0.3,981382797312,981285208064,97589248,13346.861333299845,7864.11512424612,648.799900599406,4833.946308454318,0.0,6.800028169363063,1.3212197343807996,4009957376,977372839936,73.01846280270995,13273.842870497134,2.347707751053553,2.89645428240014
2026-04-11 14:16:23,llama_2_13b,vortex,512,256,1,lut_based,,AQLM|CQ,RVQ_0.0,15560107520,15517491200,42616320,300.4140218232286,89.53654282527415,10.28690969511926,200.5905693028352,0.0,9.653340166097664,1.3212197343807996,7268851200,8291256320,132.37545655388556,168.03856526934305,24.678492710055515,0.3911640909156622
2026-04-11 14:16:39,llama_2_13b,vortex,512,256,1,lut_based,LUF,AQLM|CQ,RVQ_0.0,118013171200,117993676800,19494400,1635.3132847251177,944.7260260615076,78.01943742410904,612.5678212395007,0.0,6.928520215568606,1.3212197343807996,7268851200,110744320000,132.37545655388556,1502.937828171232,3.253874089606703,2.129314172819164
2026-04-11 14:16:41,llama_2_13b,vortex,512,256,1,lut_based,,AQLM|CQ,RVQ_0.3,13666117120,13623500800,42616320,263.30773511013047,85.08318444686836,9.034777717034906,169.1897729462272,0.0,9.633597195094524,1.3212197343807996,7268851200,6397265920,132.37545655388556,130.9322785562449,28.09869084452864,0.342848613424649
2026-04-11 14:16:57,llama_2_13b,vortex,512,256,1,lut_based,LUF,AQLM|CQ,RVQ_0.3,118013171200,117993676800,19494400,1635.3132847251177,944.7260260615076,78.01943742410904,612.5678212395007,0.0,6.928520215568606,1.3212197343807996,7268851200,110744320000,132.37545655388556,1502.937828171232,3.253874089606703,2.129314172819164
2026-04-11 14:17:13,llama_2_13b,vortex,512,4096,1,lut_based,,AQLM|CQ,RVQ_0.0,219358584320,217369190400,1989393920,4720.957616019689,1379.4117517438174,145.01968863959644,3196.526175636275,0.0,10.760822583384206,1.3212197343807996,7268851200,212089733120,132.37545655388556,4588.582159465804,10.50335006100754,1.024513371532051
2026-04-11 14:20:53,llama_2_13b,vortex,512,4096,1,lut_based,LUF,AQLM|CQ,RVQ_0.0,1908755750400,1908457472000,298278400,26764.121254126305,15514.989093602597,1261.8934675847531,9987.238692938958,0.0,7.010881630223668,1.3212197343807996,7268851200,1901486899200,132.37545655388556,26631.74579757242,1.207069055072747,5.808186036051716
2026-04-11 14:21:10,llama_2_13b,vortex,512,4096,1,lut_based,,AQLM|CQ,RVQ_0.3,189054737920,187065344000,1989393920,4127.257028610095,1308.1580176893008,124.9855769902468,2694.113433930547,0.0,10.915508053431004,1.3212197343807996,7268851200,181785886720,132.37545655388556,3994.8815720562097,12.186946623760129,0.8956720982226769
2026-04-11 14:24:50,llama_2_13b,vortex,512,4096,1,lut_based,LUF,AQLM|CQ,RVQ_0.3,1908755750400,1908457472000,298278400,26764.121254126305,15514.989093602597,1261.8934675847531,9987.238692938958,0.0,7.010881630223668,1.3212197343807996,7268851200,1901486899200,132.37545655388556,26631.74579757242,1.207069055072747,5.808186036051716
2026-04-11 14:24:52,llama-2-7b,vortex,512,256,1,lut_based,,AQLM|CQ,RVQ_0.0,8214616064,8187936768,26679296,160.6657672006254,49.32841949407545,5.430747411084986,105.90660029546495,0.0,9.779262107253697,1.3212197343807996,3727235072,4487380992,67.85862910248076,92.80713809814462,46.74594612922374,0.2092002177091476
2026-04-11 14:25:02,llama-2-7b,vortex,512,256,1,lut_based,LUF,AQLM|CQ,RVQ_0.0,60595369984,60582133760,13236224,842.2480850762103,485.7006647158052,40.06007658793787,316.4873437724672,0.0,6.949772608852813,1.3212197343807996,3727235072,56868134912,67.85862910248076,774.3894559737295,6.337117837573958,1.0966771941096487
2026-04-11 14:25:04,llama-2-7b,vortex,512,256,1,lut_based,,AQLM|CQ,RVQ_0.3,7366883328,7341121536,25761792,143.06121905698132,46.98959640012545,4.870304619181425,91.20131803767444,0.0,9.709751918646194,1.3212197343807996,3727235072,3639648256,67.85862910248076,75.20258995450055,52.12516377726459,0.1862776289804444
2026-04-11 14:25:14,llama-2-7b,vortex,512,256,1,lut_based,LUF,AQLM|CQ,RVQ_0.3,60595369984,60582133760,13236224,842.2480850762103,485.7006647158052,40.06007658793787,316.4873437724672,0.0,6.949772608852813,1.3212197343807996,3727235072,56868134912,67.85862910248076,774.3894559737295,6.337117837573958,1.0966771941096487
2026-04-11 14:25:30,llama-2-7b,vortex,512,4096,1,lut_based,,AQLM|CQ,RVQ_0.0,126360295424,125096820736,1263474688,2768.750512372836,865.4990497208491,83.53778702393433,1819.713675628053,0.0,10.95577729967446,1.3212197343807996,3727235072,122633060352,67.85862910248076,2700.891883270356,18.233575604338085,0.6008573160531329
2026-04-11 14:27:55,llama-2-7b,vortex,512,4096,1,lut_based,LUF,AQLM|CQ,RVQ_0.0,996547172352,996344332288,202840064,14112.323874655083,8137.084163719113,658.8251884336254,5316.4145225023485,0.0,7.08061006351957,1.3212197343807996,3727235072,992819937280,67.85862910248076,14044.465245552605,2.311982878404257,3.0625702852984125
2026-04-11 14:28:11,llama-2-7b,vortex,512,4096,1,lut_based,,AQLM|CQ,RVQ_0.3,112796571648,111547777024,1248794624,2487.0777420747395,828.0778802176502,74.57070235347737,1584.429159503612,0.0,11.024615844868356,1.3212197343807996,3727235072,109069336576,67.85862910248076,2419.2191129722587,20.42615273086496,0.5397304127766361
2026-04-11 14:30:37,llama-2-7b,vortex,512,4096,1,lut_based,LUF,AQLM|CQ,RVQ_0.3,996547172352,996344332288,202840064,14112.323874655083,8137.084163719113,658.8251884336254,5316.4145225023485,0.0,7.08061006351957,1.3212197343807996,3727235072,992819937280,67.85862910248076,14044.465245552605,2.311982878404257,3.0625702852984125
2026-04-11 21:07:06,mistral_7b,vortex,512,256,1,lut_based,,AQLM,RVQ_0.0,8594233344,8584331264,9902080,157.53590263750604,48.75223603667784,5.681715386277151,103.10195121455104,0.0,9.165209759372464,1.3212197343807996,4009957376,4584275968,73.01846280270995,84.5174398347961,44.68112333348347,0.2051248732259193
2026-04-11 21:07:18,mistral_7b,vortex,512,256,1,lut_based,LUF,AQLM,RVQ_0.0,64371193856,64367001600,4192256,882.426173744591,512.4903088781716,42.55630350320918,327.3795613632102,0.0,6.854200775882771,1.3212197343807996,4009957376,60361236480,73.01846280270995,809.4077109418811,5.96540124545488,1.148992413729936
2026-04-11 21:07:39,mistral_7b,vortex,512,4096,1,lut_based,,AQLM,RVQ_0.0,125928413184,125773021184,155392000,2141.549985419585,686.9984275742936,83.2522662718383,1371.2992915734528,0.0,8.503045227332708,1.3212197343807996,4009957376,121918455808,73.01846280270995,2068.531522616875,18.296109207963383,0.4647460905858474
2026-04-11 21:10:20,mistral_7b,vortex,512,4096,1,lut_based,LUF,AQLM,RVQ_0.0,1018359781376,1018295746560,64034816,13739.794323132945,8106.807593038196,673.2456761427508,4959.741053951999,0.0,6.746041317817872,1.3212197343807996,4009957376,1014349824000,73.01846280270995,13666.775860330235,2.2624616978557937,2.98172619859656
2026-04-11 21:10:23,llama_2_13b,vortex,512,256,1,lut_based,,AQLM,RVQ_0.0,20080606720,20066508800,14097920,349.9621649194525,122.28085667794838,13.275447337772954,214.4058609037312,0.0,8.713934040919568,1.3212197343807996,7268851200,12811755520,132.37545655388556,217.5867083655669,19.12292817415429,0.4556799022388704
2026-04-11 21:10:38,llama_2_13b,vortex,512,256,1,lut_based,LUF,AQLM,RVQ_0.0,121656972800,121650585600,6387200,1671.8800295932533,968.5347882790786,80.42838337502567,622.9168579391487,0.0,6.871287321696587,1.3212197343807996,7268851200,114388121600,132.37545655388556,1539.5045730393676,3.156415872942056,2.1769271218662154
2026-04-11 21:11:00,llama_2_13b,vortex,512,4096,1,lut_based,,AQLM,RVQ_0.0,514640043520,514428108800,211934720,8064.342157362066,3491.754117934985,340.23258813461496,4232.355451292466,0.0,7.834934590596689,1.3212197343807996,7268851200,507371192320,132.37545655388556,7931.966700808181,4.476915523792625,1.750074252899754
2026-04-11 21:14:49,llama_2_13b,vortex,512,4096,1,lut_based,LUF,AQLM,RVQ_0.0,2139861900800,2139773337600,88563200,29215.02799214288,17031.817023553067,1414.6795647306585,10768.531403859148,0.0,6.826381642016399,1.3212197343807996,7268851200,2132593049600,132.37545655388556,29082.65253558899,1.0767049963077693,6.340066838572672
2026-04-11 21:14:51,llama-2-7b,vortex,512,256,1,lut_based,,AQLM,RVQ_0.0,11107735552,11099308032,8427520,192.37657878220867,70.28478035978694,7.343411502383351,114.7483869200384,0.0,8.659576827410621,1.3212197343807996,3727235072,7380500480,67.85862910248076,124.5179496797279,34.57050252973109,0.2504903369560008
2026-04-11 21:15:01,llama-2-7b,vortex,512,256,1,lut_based,LUF,AQLM,RVQ_0.0,62927403008,62922555392,4847616,865.650801791817,500.93827253505066,41.6018019965245,323.11072726024184,0.0,6.878170402819311,1.3212197343807996,3727235072,59200167936,67.85862910248076,797.7921726893362,6.102269943528129,1.1271494814997618
2026-04-11 21:15:22,llama-2-7b,vortex,512,4096,1,lut_based,,AQLM,RVQ_0.0,315340429312,315214528512,125900800,4908.516618831957,2217.398164083196,208.47404270074617,2482.644412048015,0.0,7.782885038783653,1.3212197343807996,3727235072,311613194240,67.85862910248076,4840.657989729477,7.306389494765376,1.065216280128463
2026-04-11 21:17:54,llama-2-7b,vortex,512,4096,1,lut_based,LUF,AQLM,RVQ_0.0,1144455108608,1144386486272,68622336,15680.904186985692,9107.854038887415,756.6082906070046,5816.441857491272,0.0,6.850816632754763,1.3212197343807996,3727235072,1140727873536,67.85862910248076,15613.045557883212,2.013185124231176,3.402973998911825
2026-04-12 13:15:40,mistral_7b,vortex,1,0,1,lut_based,,AQLM,RVQ_0.0,14036992,13999360,37632,0.2729209743313106,0.0355795644583736,0.0092799660226969,0.22806144385024,0.0,9.72149069869494,1.3212197343807996,14036992,0,0.2729209743313106,0.0,35.62016705573388,0.2729209743313106
2026-04-12 13:15:41,mistral_7b,vortex,1,0,1,lut_based,LUF,AQLM|CQ,RVQ_0.0,231915744,231900416,15328,3.104523595843361,1.8470564114954588,0.1533213258544627,1.1041458584934396,0.0,6.693214402561995,1.3212197343807996,231915744,0,3.104523595843361,0.0,2.155955397318778,3.104523595843361
2026-04-12 13:15:41,mistral_7b,vortex,1,0,1,lut_based,,AQLM|CQ,RVQ_0.0,14036992,13999360,37632,0.2729209743313106,0.0355795644583736,0.0092799660226969,0.22806144385024,0.0,9.72149069869494,1.3212197343807996,14036992,0,0.2729209743313106,0.0,35.62016705573388,0.2729209743313106
2026-04-12 13:15:41,mistral_7b,vortex,1,0,1,lut_based,,AQLM,RVQ_0.3,10153696,10126304,27392,0.192415974725049,0.0244371324290245,0.0067126884367244,0.1612661538593,0.0,9.475169176083716,1.3212197343807996,10153696,0,0.192415974725049,0.0,49.24315244419372,0.192415974725049
2026-04-12 13:15:41,mistral_7b,vortex,1,0,1,lut_based,LUF,AQLM,RVQ_0.0,231915744,231900416,15328,3.104523595843361,1.8470564114954588,0.1533213258544627,1.1041458584934396,0.0,6.693214402561995,1.3212197343807996,231915744,0,3.104523595843361,0.0,2.155955397318778,3.104523595843361
2026-04-12 13:15:41,mistral_7b,vortex,1,0,1,lut_based,LUF,AQLM,RVQ_0.3,231915744,231900416,15328,3.104523595843361,1.8470564114954588,0.1533213258544627,1.1041458584934396,0.0,6.693214402561995,1.3212197343807996,231915744,0,3.104523595843361,0.0,2.155955397318778,3.104523595843361
2026-04-12 13:15:42,mistral_7b,vortex,1,0,1,lut_based,,AQLM|CQ,RVQ_0.3,10153696,10126304,27392,0.192415974725049,0.0244371324290245,0.0067126884367244,0.1612661538593,0.0,9.475169176083716,1.3212197343807996,10153696,0,0.192415974725049,0.0,49.24315244419372,0.192415974725049
2026-04-12 13:15:42,mistral_7b,vortex,1,0,1,lut_based,LUF,AQLM|CQ,RVQ_0.3,231915744,231900416,15328,3.104523595843361,1.8470564114954588,0.1533213258544627,1.1041458584934396,0.0,6.693214402561995,1.3212197343807996,231915744,0,3.104523595843361,0.0,2.155955397318778,3.104523595843361
2026-04-12 13:15:42,llama_2_13b,vortex,1,0,1,lut_based,,AQLM,RVQ_0.0,25953920,25902400,51520,0.4943326758974244,0.0611284891597348,0.0171583410288896,0.4160458457088,0.0,9.523275788347664,1.3212197343807996,25953920,0,0.4943326758974244,0.0,19.264912583532663,0.4943326758974244
2026-04-12 13:15:42,llama_2_13b,vortex,1,0,1,lut_based,LUF,AQLM,RVQ_0.0,422736600,422715200,21400,5.658074334779457,3.3668079094766497,0.279474497424408,2.0117919278784,0.0,6.69219832725562,1.3212197343807996,422736600,0,5.658074334779457,0.0,1.1827696016857778,5.658074334779457
2026-04-12 13:15:42,llama_2_13b,vortex,1,0,1,lut_based,,AQLM,RVQ_0.3,18555520,18504000,51520,0.3493862434243736,0.043732557994076,0.0122672004894976,0.2933864849408,0.0,9.414617413696131,1.3212197343807996,18555520,0,0.3493862434243736,0.0,26.946159417790504,0.3493862434243736
2026-04-12 13:15:42,llama_2_13b,vortex,1,0,1,lut_based,LUF,AQLM,RVQ_0.3,422736600,422715200,21400,5.658074334779457,3.3668079094766497,0.279474497424408,2.0117919278784,0.0,6.69219832725562,1.3212197343807996,422736600,0,5.658074334779457,0.0,1.1827696016857778,5.658074334779457
2026-04-12 13:15:43,llama_2_13b,vortex,1,0,1,lut_based,LUF,AQLM|CQ,RVQ_0.0,422736600,422715200,21400,5.658074334779457,3.3668079094766497,0.279474497424408,2.0117919278784,0.0,6.69219832725562,1.3212197343807996,422736600,0,5.658074334779457,0.0,1.1827696016857778,5.658074334779457
2026-04-12 13:15:43,llama_2_13b,vortex,1,0,1,lut_based,,AQLM|CQ,RVQ_0.0,25953920,25902400,51520,0.4943326758974244,0.0611284891597348,0.0171583410288896,0.4160458457088,0.0,9.523275788347664,1.3212197343807996,25953920,0,0.4943326758974244,0.0,19.264912583532663,0.4943326758974244
2026-04-12 13:15:43,llama_2_13b,vortex,1,0,1,lut_based,,AQLM|CQ,RVQ_0.3,18555520,18504000,51520,0.3493862434243736,0.043732557994076,0.0122672004894976,0.2933864849408,0.0,9.414617413696131,1.3212197343807996,18555520,0,0.3493862434243736,0.0,26.946159417790504,0.3493862434243736
2026-04-12 13:15:43,llama_2_13b,vortex,1,0,1,lut_based,LUF,AQLM|CQ,RVQ_0.3,422736600,422715200,21400,5.658074334779457,3.3668079094766497,0.279474497424408,2.0117919278784,0.0,6.69219832725562,1.3212197343807996,422736600,0,5.658074334779457,0.0,1.1827696016857778,5.658074334779457
2026-04-12 13:15:43,llama-2-7b,vortex,1,0,1,lut_based,,AQLM,RVQ_0.0,13411200,13380608,30592,0.2588043825968714,0.0366874665306954,0.0088662500002559,0.21325066606592,0.0,9.648815266227908,1.3212197343807996,13411200,0,0.2588043825968714,0.0,37.28227153424004,0.2588043825968714
2026-04-12 13:15:43,llama-2-7b,vortex,1,0,1,lut_based,LUF,AQLM,RVQ_0.0,215831776,215815168,16608,2.888781816228154,1.7189276703403196,0.1426880878679949,1.0271660580198396,0.0,6.692206934877268,1.3212197343807996,215831776,0,2.888781816228154,0.0,2.316619032037248,2.888781816228154
2026-04-12 13:15:44,llama-2-7b,vortex,1,0,1,lut_based,LUF,AQLM|CQ,RVQ_0.0,215831776,215815168,16608,2.888781816228154,1.7189276703403196,0.1426880878679949,1.0271660580198396,0.0,6.692206934877268,1.3212197343807996,215831776,0,2.888781816228154,0.0,2.316619032037248,2.888781816228154
2026-04-12 13:15:44,llama-2-7b,vortex,1,0,1,lut_based,,AQLM|CQ,RVQ_0.0,13411200,13380608,30592,0.2588043825968714,0.0366874665306954,0.0088662500002559,0.21325066606592,0.0,9.648815266227908,1.3212197343807996,13411200,0,0.2588043825968714,0.0,37.28227153424004,0.2588043825968714
2026-04-12 13:15:44,llama-2-7b,vortex,1,0,1,lut_based,,AQLM|CQ,RVQ_0.3,10099744,10072736,27008,0.1900366164010012,0.0275514388199385,0.0066770203443827,0.1558081572366799,0.0,9.40799174716712,1.3212197343807996,10099744,0,0.1900366164010012,0.0,49.50620530579785,0.1900366164010012
2026-04-12 13:15:44,llama-2-7b,vortex,1,0,1,lut_based,,AQLM,RVQ_0.3,10099744,10072736,27008,0.1900366164010012,0.0275514388199385,0.0066770203443827,0.1558081572366799,0.0,9.40799174716712,1.3212197343807996,10099744,0,0.1900366164010012,0.0,49.50620530579785,0.1900366164010012
2026-04-12 13:15:44,llama-2-7b,vortex,1,0,1,lut_based,LUF,AQLM,RVQ_0.3,215831776,215815168,16608,2.888781816228154,1.7189276703403196,0.1426880878679949,1.0271660580198396,0.0,6.692206934877268,1.3212197343807996,215831776,0,2.888781816228154,0.0,2.316619032037248,2.888781816228154
2026-04-12 13:15:44,llama-2-7b,vortex,1,0,1,lut_based,LUF,AQLM|CQ,RVQ_0.3,215831776,215815168,16608,2.888781816228154,1.7189276703403196,0.1426880878679949,1.0271660580198396,0.0,6.692206934877268,1.3212197343807996,215831776,0,2.888781816228154,0.0,2.316619032037248,2.888781816228154
