model_tag,vec_length,sparsity,wikitext_ppl,arc_easy_acc,arc_challenge_acc,copa,openbookqa,piqa,winogrande,mmlu
llama2_13b,8,0.0,4.883693218231201,0.7891414141414141,0.4735494880546075,0.91,0.346,0.794885745375408,0.7237569060773481,0.5238570004272896
llama2_13b,8,0.05,4.933788299560547,0.7937710437710438,0.4846416382252559,0.91,0.364,0.7899891186071817,0.7292817679558011,0.5185158809286426
llama2_13b,8,0.1,5.119423866271973,0.7857744107744108,0.4914675767918088,0.92,0.372,0.794885745375408,0.7142857142857143,0.5131747614299957
llama2_13b,8,0.15,5.348952293395996,0.7908249158249159,0.4931740614334471,0.92,0.362,0.7899891186071817,0.7174427782162589,0.4908844893889759
llama2_13b,8,0.2,5.615106105804443,0.7798821548821548,0.4761092150170648,0.89,0.362,0.7818280739934712,0.7142857142857143,0.4701609457342259
llama2_13b,8,0.25,5.94830322265625,0.773989898989899,0.4539249146757679,0.9,0.352,0.7823721436343852,0.6779794790844514,0.4489388975929355
llama2_13b,8,0.3,6.457459449768066,0.7626262626262627,0.454778156996587,0.89,0.352,0.7780195865070729,0.6787687450670876,0.4119071357356502
llama2_13b,8,0.35,7.319284915924072,0.7382154882154882,0.4274744027303754,0.88,0.348,0.76550598476605,0.6511444356748224,0.3711009827659877
llama2_13b,8,0.4,9.23416233062744,0.7146464646464646,0.3831058020477815,0.89,0.324,0.7383025027203483,0.6164167324388319,0.3185443668993021
llama2_13b,8,0.45,16.43999671936035,0.6645622895622896,0.3532423208191126,0.84,0.272,0.720892274211099,0.5840568271507498,0.2595071927075915
llama2_13b,8,0.5,89.47381591796875,0.5496632996632996,0.2790102389078498,0.76,0.252,0.6354733405875952,0.4956590370955012,0.2352941176470588
llama2_13b,8,0.55,659.7977905273438,0.3232323232323232,0.2141638225255972,0.69,0.17,0.5625680087051143,0.5035516969218626,0.2322318758011679
llama2_13b,8,0.6,3214.57958984375,0.2651515151515151,0.220136518771331,0.58,0.128,0.5397170837867247,0.5090765588003157,0.2321606608745193
llama2_13b_aqlm,8,0.0,6.064450740814209,0.7377946127946128,0.4044368600682594,0.84,0.258,0.7665941240478781,0.648776637726914,0.424298532972511
llama2_13b_aqlm,8,0.05,6.107990741729736,0.7394781144781145,0.4078498293515358,0.83,0.268,0.7704026115342764,0.6503551696921863,0.4099843327161373
llama2_13b_aqlm,8,0.1,6.260578632354736,0.7394781144781145,0.4035836177474403,0.82,0.27,0.76550598476605,0.6306235201262825,0.3889759293547927
llama2_13b_aqlm,8,0.15,6.522557735443115,0.7310606060606061,0.4052901023890785,0.85,0.272,0.7589771490750816,0.6195737963693765,0.3688933200398803
llama2_13b_aqlm,8,0.2,6.913729190826416,0.7117003367003367,0.3984641638225256,0.82,0.26,0.7540805223068553,0.595895816890292,0.3371314627545934
llama2_13b_aqlm,8,0.25,7.491234302520752,0.6982323232323232,0.3890784982935154,0.8,0.254,0.7377584330794341,0.6077348066298343,0.3112804443811423
llama2_13b_aqlm,8,0.3,9.218619346618652,0.6734006734006734,0.3617747440273037,0.81,0.234,0.7225244831338411,0.5611681136543015,0.294972226178607
llama2_13b_aqlm,8,0.35,15.668102264404297,0.6439393939393939,0.3387372013651877,0.78,0.21,0.6980413492927094,0.5643251775848461,0.2627118644067797
llama2_13b_aqlm,8,0.4,30.93069076538086,0.5934343434343434,0.2918088737201365,0.68,0.182,0.675734494015234,0.5082872928176796,0.2434838342116507
llama2_13b_aqlm,8,0.45,84.960693359375,0.4882154882154882,0.2431740614334471,0.7,0.18,0.6349292709466812,0.5098658247829518,0.234866828087167
llama2_13b_aqlm,8,0.5,233.467529296875,0.369949494949495,0.2167235494880546,0.59,0.144,0.5778019586507073,0.4877663772691397,0.2293120638085742
llama2_13b_aqlm,8,0.55,934.80126953125,0.2891414141414141,0.2133105802047781,0.63,0.154,0.5315560391730142,0.5122336227308603,0.2318758011679248
llama2_13b_aqlm,8,0.6,5136.62890625,0.2689393939393939,0.2235494880546075,0.63,0.13,0.5130576713819369,0.505130228887135,0.2466885059108389
llama2_13b_aqlm_rvq,8,0.0,6.0644211769104,0.7377946127946128,0.4044368600682594,0.84,0.258,0.766050054406964,0.6495659037095501,0.424298532972511
llama2_13b_aqlm_rvq,8,0.05,6.087756156921387,0.7390572390572391,0.3993174061433447,0.82,0.26,0.7720348204570185,0.6495659037095501,0.4127617148554337
llama2_13b_aqlm_rvq,8,0.1,6.168015003204346,0.7407407407407407,0.4061433447098976,0.81,0.262,0.7682263329706203,0.6298342541436464,0.3998005982053838
llama2_13b_aqlm_rvq,8,0.15,6.308432579040527,0.7352693602693603,0.3976109215017064,0.8,0.27,0.764961915125136,0.6274664561957379,0.3807149978635522
llama2_13b_aqlm_rvq,8,0.2,6.5557780265808105,0.726010101010101,0.3967576791808874,0.82,0.266,0.7600652883569097,0.606156274664562,0.3594929497222618
llama2_13b_aqlm_rvq,8,0.25,6.910768032073975,0.7213804713804713,0.3976109215017064,0.81,0.248,0.7475516866158868,0.5966850828729282,0.3386981911408631
llama2_13b_aqlm_rvq,8,0.3,7.413743495941162,0.6931818181818182,0.3856655290102389,0.78,0.22,0.7437431991294886,0.5935280189423836,0.3201110952855718
llama2_13b_aqlm_rvq,8,0.35,8.181449890136719,0.6670875420875421,0.3720136518771331,0.78,0.222,0.7181719260065288,0.585635359116022,0.2990314769975787
llama2_13b_aqlm_rvq,8,0.4,9.41854476928711,0.6439393939393939,0.3293515358361775,0.78,0.2,0.6996735582154516,0.5611681136543015,0.2873522290272041
llama2_13b_aqlm_rvq,8,0.45,13.676790237426758,0.5858585858585859,0.3156996587030716,0.74,0.172,0.7040261153427638,0.5272296764009471,0.2617148554336989
llama2_13b_aqlm_rvq,8,0.5,32.94832229614258,0.4856902356902356,0.2645051194539249,0.65,0.158,0.6316648531011969,0.5138121546961326,0.2365047714000854
llama2_13b_aqlm_rvq,8,0.55,106.1156768798828,0.3707912457912458,0.2081911262798634,0.61,0.142,0.5750816104461371,0.4743488555643251,0.2315197265346816
llama2_13b_aqlm_rvq,8,0.6,466.2464599609375,0.2798821548821549,0.1962457337883959,0.71,0.126,0.5326441784548422,0.4980268350434096,0.2318045862412761
llama2_7b,8,0.0,5.472064971923828,0.7550505050505051,0.431740614334471,0.89,0.334,0.7812840043525572,0.6945540647198106,0.416892180601054
llama2_7b,8,0.05,5.559791564941406,0.7558922558922558,0.4377133105802048,0.89,0.336,0.7812840043525572,0.696921862667719,0.4153966671414328
llama2_7b,8,0.1,5.739491939544678,0.7563131313131313,0.4360068259385665,0.86,0.332,0.778563656147987,0.6906077348066298,0.4086312491098134
llama2_7b,8,0.15,5.98409366607666,0.7550505050505051,0.4334470989761092,0.86,0.326,0.778563656147987,0.6874506708760852,0.3968095712861416
llama2_7b,8,0.2,6.288090229034424,0.742003367003367,0.4274744027303754,0.85,0.312,0.7720348204570185,0.6866614048934491,0.3794331291838769
llama2_7b,8,0.25,6.690541744232178,0.73989898989899,0.4129692832764505,0.86,0.32,0.766050054406964,0.6519337016574586,0.3582110810425865
llama2_7b,8,0.3,7.324999332427978,0.7365319865319865,0.4180887372013652,0.85,0.288,0.7682263329706203,0.6614048934490924,0.3260219341974077
llama2_7b,8,0.35,9.245794296264648,0.7104377104377104,0.3899317406143344,0.84,0.296,0.7475516866158868,0.6440410418310971,0.289275032046717
llama2_7b,8,0.4,25.732397079467773,0.6801346801346801,0.3523890784982935,0.84,0.26,0.7317736670293797,0.6172059984214681,0.2764563452499644
llama2_7b,8,0.45,174.04653930664062,0.6026936026936027,0.3020477815699658,0.82,0.236,0.6942328618063112,0.5706393054459353,0.2533827090158097
llama2_7b,8,0.5,1369.015380859375,0.4945286195286195,0.2585324232081911,0.76,0.212,0.6539717083786725,0.5256511444356748,0.2471870103973792
llama2_7b,8,0.55,5015.380859375,0.3354377104377104,0.2209897610921501,0.72,0.15,0.5690968443960827,0.5090765588003157,0.2397094430992736
llama2_7b,8,0.6,7861.96875,0.2706228956228956,0.2261092150170648,0.62,0.142,0.544069640914037,0.4901341752170481,0.2448369178179746
llama2_7b_aqlm,8,0.0,6.266438484191895,0.7268518518518519,0.3959044368600682,0.88,0.31,0.7627856365614799,0.6740331491712708,
llama2_7b_aqlm,8,0.05,6.384110450744629,0.7234848484848485,0.3933447098976109,0.87,0.308,0.7616974972796517,0.6850828729281768,
llama2_7b_aqlm,8,0.1,6.650562286376953,0.7239057239057239,0.3907849829351535,0.87,0.318,0.7671381936887922,0.6890292028413575,
llama2_7b_aqlm,8,0.15,6.979910373687744,0.7154882154882155,0.3924914675767918,0.86,0.298,0.7568008705114254,0.6732438831886346,
llama2_7b_aqlm,8,0.2,7.394838333129883,0.7083333333333334,0.3805460750853242,0.81,0.29,0.7535364526659413,0.6440410418310971,
llama2_7b_aqlm,8,0.25,7.973961353302002,0.6818181818181818,0.3609215017064846,0.78,0.28,0.7437431991294886,0.632991318074191,
llama2_7b_aqlm,8,0.3,8.738770484924316,0.6725589225589226,0.3327645051194539,0.83,0.296,0.7328618063112078,0.6282557221783741,
llama2_7b_aqlm,8,0.35,10.08842658996582,0.6414141414141414,0.3310580204778157,0.83,0.28,0.7132752992383025,0.6093133385951065,
llama2_7b_aqlm,8,0.4,13.375272750854492,0.6115319865319865,0.3046075085324232,0.84,0.26,0.7067464635473341,0.5714285714285714,
llama2_7b_aqlm,8,0.45,24.24351501464844,0.5563973063973064,0.302901023890785,0.79,0.238,0.6735582154515778,0.5580110497237569,
llama2_7b_aqlm,8,0.5,80.35981750488281,0.4835858585858585,0.2687713310580205,0.79,0.226,0.6463547334058759,0.5335438042620363,
llama2_7b_aqlm_rvq,8,0.0,6.2664055824279785,0.726010101010101,0.3959044368600682,0.88,0.308,0.7627856365614799,0.6771902131018153,
llama2_7b_aqlm_rvq,8,0.05,6.304976463317871,0.726010101010101,0.3967576791808874,0.9,0.31,0.7616974972796517,0.6724546172059984,
llama2_7b_aqlm_rvq,8,0.1,6.395864963531494,0.7234848484848485,0.3933447098976109,0.88,0.314,0.7622415669205659,0.6803472770323599,
llama2_7b_aqlm_rvq,8,0.15,6.556260108947754,0.7175925925925926,0.39419795221843,0.87,0.306,0.7584330794341676,0.6732438831886346,
llama2_7b_aqlm_rvq,8,0.2,6.799946308135986,0.7146464646464646,0.386518771331058,0.85,0.306,0.7529923830250272,0.6637726913970008,
llama2_7b_aqlm_rvq,8,0.25,7.156610012054443,0.7062289562289562,0.3728668941979522,0.82,0.312,0.7551686615886833,0.6574585635359116,
llama2_7b_aqlm_rvq,8,0.3,7.5737528800964355,0.6872895622895623,0.363481228668942,0.83,0.292,0.7513601741022851,0.6629834254143646,
llama2_7b_aqlm_rvq,8,0.35,8.310940742492676,0.6784511784511784,0.356655290102389,0.84,0.298,0.7372143634385201,0.6266771902131019,
llama2_7b_aqlm_rvq,8,0.4,9.321318626403809,0.6485690235690236,0.3225255972696246,0.86,0.278,0.7415669205658324,0.6203630623520127,
llama2_7b_aqlm_rvq,8,0.45,11.363994598388672,0.6245791245791246,0.3216723549488055,0.82,0.254,0.705658324265506,0.6132596685082873,
llama2_7b_aqlm_rvq,8,0.5,15.41445255279541,0.5782828282828283,0.295221843003413,0.76,0.25,0.6920565832426551,0.5643251775848461,
mistral_7b,8,0.0,5.9381489753723145,0.7790404040404041,0.53839590443686,0.95,0.39,0.7709466811751904,0.7348066298342542,0.590727816550349
mistral_7b,8,0.05,6.003423690795898,0.7777777777777778,0.5409556313993175,0.94,0.388,0.7687704026115343,0.7308602999210734,0.5912263210368893
mistral_7b,8,0.1,6.146642208099365,0.7794612794612794,0.5264505119453925,0.92,0.372,0.7725788900979326,0.7300710339384373,0.5833214641788919
mistral_7b,8,0.15,6.372401714324951,0.7866161616161617,0.5196245733788396,0.93,0.378,0.7763873775843307,0.7158642462509865,0.579689502919812
mistral_7b,8,0.2,6.669076919555664,0.7849326599326599,0.5273037542662116,0.93,0.376,0.7698585418933623,0.7182320441988951,0.5727816550348953
mistral_7b,8,0.25,7.109992980957031,0.7786195286195287,0.5179180887372014,0.91,0.366,0.766050054406964,0.7166535122336227,0.5630964250106822
mistral_7b,8,0.3,7.777518749237059,0.7626262626262627,0.5093856655290102,0.9,0.374,0.764417845484222,0.7095501183898973,0.5390969947300954
mistral_7b,8,0.35,9.014657020568848,0.7457912457912458,0.4846416382252559,0.91,0.354,0.7546245919477693,0.6819258089976322,0.4909557043156246
mistral_7b,8,0.4,12.42208766937256,0.7209595959595959,0.4505119453924914,0.89,0.354,0.7459194776931447,0.6464088397790055,0.4133314342686227
mistral_7b,8,0.45,32.022544860839844,0.6691919191919192,0.401877133105802,0.87,0.338,0.7170837867247007,0.6408839779005525,0.2713288705312633
mistral_7b,8,0.5,238.2974853515625,0.5765993265993266,0.3208191126279863,0.83,0.246,0.6599564744287268,0.5674822415153907,0.234297108673978
mistral_7b,8,0.55,5606.07470703125,0.412037037037037,0.2414675767918088,0.69,0.194,0.5799782372143635,0.4964483030781373,0.2357926221335992
mistral_7b,8,0.6,13248.46875,0.2794612794612794,0.2209897610921501,0.61,0.15,0.5163220892274211,0.4814522494080505,0.2399943028058681
mistral_7b_aqlm,8,0.0,9.347492218017578,0.7377946127946128,0.4607508532423208,0.85,0.314,0.7714907508161044,0.6827150749802684,
mistral_7b_aqlm,8,0.05,9.48227882385254,0.7394781144781145,0.4598976109215017,0.86,0.31,0.764961915125136,0.6795580110497238,
mistral_7b_aqlm,8,0.1,9.969892501831056,0.7268518518518519,0.454778156996587,0.83,0.294,0.7633297062023939,0.6677190213101816,
mistral_7b_aqlm,8,0.15,10.668110847473145,0.7243265993265994,0.4650170648464163,0.84,0.31,0.7578890097932536,0.659037095501184,
mistral_7b_aqlm,8,0.2,11.804964065551758,0.7192760942760943,0.4428327645051194,0.77,0.288,0.7551686615886833,0.6606156274664562,
mistral_7b_aqlm,8,0.25,14.09985637664795,0.7112794612794613,0.4215017064846416,0.79,0.274,0.7410228509249184,0.6258879242304657,
mistral_7b_aqlm,8,0.3,18.25778007507324,0.6826599326599326,0.4104095563139932,0.8,0.276,0.7290533188248096,0.6006314127861089,
mistral_7b_aqlm,8,0.35,28.62486457824707,0.67003367003367,0.3703071672354949,0.77,0.258,0.7089227421109902,0.5808997632202052,
mistral_7b_aqlm,8,0.4,61.89510345458984,0.6069023569023569,0.3438566552901024,0.75,0.218,0.6838955386289445,0.5572217837411207,
mistral_7b_aqlm,8,0.45,241.11911010742188,0.5328282828282829,0.2832764505119454,0.64,0.186,0.6381936887921654,0.516179952644041,
mistral_7b_aqlm,8,0.5,1719.7611083984375,0.3901515151515151,0.2559726962457337,0.67,0.18,0.5685527747551686,0.4861878453038674,
mistral_7b_aqlm_rvq,8,0.0,9.34730052947998,0.7369528619528619,0.4590443686006826,0.85,0.314,0.7709466811751904,0.6835043409629045,
mistral_7b_aqlm_rvq,8,0.05,9.423477172851562,0.7323232323232324,0.454778156996587,0.85,0.298,0.7693144722524483,0.6771902131018153,
mistral_7b_aqlm_rvq,8,0.1,9.657084465026855,0.7314814814814815,0.4616040955631399,0.85,0.304,0.7704026115342764,0.6724546172059984,
mistral_7b_aqlm_rvq,8,0.15,10.0270357131958,0.7331649831649831,0.4556313993174061,0.84,0.298,0.7676822633297062,0.65982636148382,
mistral_7b_aqlm_rvq,8,0.2,10.586517333984377,0.7129629629629629,0.4530716723549488,0.83,0.296,0.7578890097932536,0.6511444356748224,
mistral_7b_aqlm_rvq,8,0.25,11.56754207611084,0.7150673400673401,0.439419795221843,0.81,0.29,0.7464635473340587,0.6211523283346487,
mistral_7b_aqlm_rvq,8,0.3,13.141227722167969,0.7074915824915825,0.439419795221843,0.8,0.276,0.7399347116430903,0.6258879242304657,
mistral_7b_aqlm_rvq,8,0.35,16.015792846679688,0.688973063973064,0.4155290102389078,0.79,0.26,0.720892274211099,0.5887924230465666,
mistral_7b_aqlm_rvq,8,0.4,22.00492286682129,0.6595117845117845,0.3856655290102389,0.76,0.24,0.7105549510337323,0.5864246250986582,
mistral_7b_aqlm_rvq,8,0.45,39.86610794067383,0.6043771043771043,0.3617747440273037,0.75,0.236,0.6806311207834603,0.5737963693764798,
mistral_7b_aqlm_rvq,8,0.5,135.5575408935547,0.5134680134680135,0.3037542662116041,0.67,0.204,0.6267682263329706,0.526440410418311,
