model,bitwidth,sparsity,task,accuracy
llama2_7b_awq,4.080958549222798,0.0,arc_challenge_acc,0.425
llama2_7b_awq,4.080958549222798,0.0,arc_easy_acc,0.746
llama2_7b_awq,4.080958549222798,0.0,copa,0.86
llama2_7b_awq,4.080958549222798,0.0,openbookqa,0.314
llama2_7b_awq,4.080958549222798,0.0,piqa,0.776
llama2_7b_awq,4.080958549222798,0.0,winogrande,0.691
llama2_7b_gptq,3.0,0.0,arc_challenge_acc,0.382
llama2_7b_gptq,4.0,0.0,arc_challenge_acc,0.422
llama2_7b_gptq,3.0,0.0,arc_easy_acc,0.702
llama2_7b_gptq,4.0,0.0,arc_easy_acc,0.749
llama2_7b_gptq,3.0,0.0,copa,0.86
llama2_7b_gptq,4.0,0.0,copa,0.91
llama2_7b_gptq,3.0,0.0,openbookqa,0.306
llama2_7b_gptq,4.0,0.0,openbookqa,0.33
llama2_7b_gptq,3.0,0.0,piqa,0.761
llama2_7b_gptq,4.0,0.0,piqa,0.78
llama2_7b_gptq,3.0,0.0,winogrande,0.673
llama2_7b_gptq,4.0,0.0,winogrande,0.702
llama2_7b_llm265,2.0,0.0,arc_challenge_acc,0.305
llama2_7b_llm265,4.0,0.0,arc_challenge_acc,0.441
llama2_7b_llm265,4.0,0.0,arc_challenge_acc,0.45
llama2_7b_llm265,2.0,0.0,arc_easy_acc,0.298
llama2_7b_llm265,4.0,0.0,arc_easy_acc,0.738
llama2_7b_llm265,4.0,0.0,arc_easy_acc,0.738
llama2_7b_llm265,2.0,0.0,copa,0.685
llama2_7b_llm265,2.0,0.0,piqa,0.543
llama2_7b_llm265,4.0,0.0,piqa,0.788
llama2_7b_llm265,4.0,0.0,piqa,0.789
llama2_7b_llm265,2.0,0.0,winogrande,0.518
llama2_7b_llm265,4.0,0.0,winogrande,0.697
llama2_7b_llm265,4.0,0.0,winogrande,0.697
llama2_7b_aqlm,1.0,0.5,arc_easy_acc,0.48358585858585856
llama2_7b_aqlm,1.0,0.5,arc_challenge_acc,0.2687713310580205
llama2_7b_aqlm,1.0,0.5,copa,0.79
llama2_7b_aqlm,1.0,0.5,openbookqa,0.226
llama2_7b_aqlm,1.0,0.5,piqa,0.6463547334058759
llama2_7b_aqlm,1.0,0.5,winogrande,0.5335438042620363
llama2_7b_aqlm,1.1,0.45,arc_easy_acc,0.5563973063973064
llama2_7b_aqlm,1.1,0.45,arc_challenge_acc,0.302901023890785
llama2_7b_aqlm,1.1,0.45,copa,0.79
llama2_7b_aqlm,1.1,0.45,openbookqa,0.238
llama2_7b_aqlm,1.1,0.45,piqa,0.6735582154515778
llama2_7b_aqlm,1.1,0.45,winogrande,0.5580110497237569
llama2_7b_aqlm,1.2,0.4,arc_easy_acc,0.6115319865319865
llama2_7b_aqlm,1.2,0.4,arc_challenge_acc,0.3046075085324232
llama2_7b_aqlm,1.2,0.4,copa,0.84
llama2_7b_aqlm,1.2,0.4,openbookqa,0.26
llama2_7b_aqlm,1.2,0.4,piqa,0.7067464635473341
llama2_7b_aqlm,1.2,0.4,winogrande,0.5714285714285714
llama2_7b_aqlm,1.3,0.35,arc_easy_acc,0.6414141414141414
llama2_7b_aqlm,1.3,0.35,arc_challenge_acc,0.3310580204778157
llama2_7b_aqlm,1.3,0.35,copa,0.83
llama2_7b_aqlm,1.3,0.35,openbookqa,0.28
llama2_7b_aqlm,1.3,0.35,piqa,0.7132752992383025
llama2_7b_aqlm,1.3,0.35,winogrande,0.6093133385951065
llama2_7b_aqlm,1.4,0.3,arc_easy_acc,0.6725589225589226
llama2_7b_aqlm,1.4,0.3,arc_challenge_acc,0.33276450511945393
llama2_7b_aqlm,1.4,0.3,copa,0.83
llama2_7b_aqlm,1.4,0.3,openbookqa,0.296
llama2_7b_aqlm,1.4,0.3,piqa,0.7328618063112078
llama2_7b_aqlm,1.4,0.3,winogrande,0.6282557221783741
llama2_7b_aqlm,1.5,0.25,arc_easy_acc,0.6818181818181818
llama2_7b_aqlm,1.5,0.25,arc_challenge_acc,0.3609215017064846
llama2_7b_aqlm,1.5,0.25,copa,0.78
llama2_7b_aqlm,1.5,0.25,openbookqa,0.28
llama2_7b_aqlm,1.5,0.25,piqa,0.7437431991294886
llama2_7b_aqlm,1.5,0.25,winogrande,0.632991318074191
llama2_7b_aqlm,1.6,0.2,arc_easy_acc,0.7083333333333334
llama2_7b_aqlm,1.6,0.2,arc_challenge_acc,0.38054607508532423
llama2_7b_aqlm,1.6,0.2,copa,0.81
llama2_7b_aqlm,1.6,0.2,openbookqa,0.29
llama2_7b_aqlm,1.6,0.2,piqa,0.7535364526659413
llama2_7b_aqlm,1.6,0.2,winogrande,0.6440410418310971
llama2_7b_aqlm,1.7,0.15,arc_easy_acc,0.7154882154882155
llama2_7b_aqlm,1.7,0.15,arc_challenge_acc,0.3924914675767918
llama2_7b_aqlm,1.7,0.15,copa,0.86
llama2_7b_aqlm,1.7,0.15,openbookqa,0.298
llama2_7b_aqlm,1.7,0.15,piqa,0.7568008705114254
llama2_7b_aqlm,1.7,0.15,winogrande,0.6732438831886346
llama2_7b_aqlm,1.8,0.1,arc_easy_acc,0.7239057239057239
llama2_7b_aqlm,1.8,0.1,arc_challenge_acc,0.39078498293515357
llama2_7b_aqlm,1.8,0.1,copa,0.87
llama2_7b_aqlm,1.8,0.1,openbookqa,0.318
llama2_7b_aqlm,1.8,0.1,piqa,0.7671381936887922
llama2_7b_aqlm,1.8,0.1,winogrande,0.6890292028413575
llama2_7b_aqlm,1.9,0.05,arc_easy_acc,0.7234848484848485
llama2_7b_aqlm,1.9,0.05,arc_challenge_acc,0.39334470989761094
llama2_7b_aqlm,1.9,0.05,copa,0.87
llama2_7b_aqlm,1.9,0.05,openbookqa,0.308
llama2_7b_aqlm,1.9,0.05,piqa,0.7616974972796517
llama2_7b_aqlm,1.9,0.05,winogrande,0.6850828729281768
llama2_7b_aqlm,2.0,0.0,arc_easy_acc,0.7268518518518519
llama2_7b_aqlm,2.0,0.0,arc_challenge_acc,0.39590443686006827
llama2_7b_aqlm,2.0,0.0,copa,0.88
llama2_7b_aqlm,2.0,0.0,openbookqa,0.31
llama2_7b_aqlm,2.0,0.0,piqa,0.7627856365614799
llama2_7b_aqlm,2.0,0.0,winogrande,0.6740331491712708
llama2_7b_aqlm_rvq,1.0,0.5,arc_easy_acc,0.5782828282828283
llama2_7b_aqlm_rvq,1.0,0.5,arc_challenge_acc,0.295221843003413
llama2_7b_aqlm_rvq,1.0,0.5,copa,0.76
llama2_7b_aqlm_rvq,1.0,0.5,openbookqa,0.25
llama2_7b_aqlm_rvq,1.0,0.5,piqa,0.6920565832426551
llama2_7b_aqlm_rvq,1.0,0.5,winogrande,0.5643251775848461
llama2_7b_aqlm_rvq,1.1,0.45,arc_easy_acc,0.6245791245791246
llama2_7b_aqlm_rvq,1.1,0.45,arc_challenge_acc,0.3216723549488055
llama2_7b_aqlm_rvq,1.1,0.45,copa,0.82
llama2_7b_aqlm_rvq,1.1,0.45,openbookqa,0.254
llama2_7b_aqlm_rvq,1.1,0.45,piqa,0.705658324265506
llama2_7b_aqlm_rvq,1.1,0.45,winogrande,0.6132596685082873
llama2_7b_aqlm_rvq,1.2,0.4,arc_easy_acc,0.6485690235690236
llama2_7b_aqlm_rvq,1.2,0.4,arc_challenge_acc,0.3225255972696246
llama2_7b_aqlm_rvq,1.2,0.4,copa,0.86
llama2_7b_aqlm_rvq,1.2,0.4,openbookqa,0.278
llama2_7b_aqlm_rvq,1.2,0.4,piqa,0.7415669205658324
llama2_7b_aqlm_rvq,1.2,0.4,winogrande,0.6203630623520127
llama2_7b_aqlm_rvq,1.3,0.35,arc_easy_acc,0.6784511784511784
llama2_7b_aqlm_rvq,1.3,0.35,arc_challenge_acc,0.35665529010238906
llama2_7b_aqlm_rvq,1.3,0.35,copa,0.84
llama2_7b_aqlm_rvq,1.3,0.35,openbookqa,0.298
llama2_7b_aqlm_rvq,1.3,0.35,piqa,0.7372143634385201
llama2_7b_aqlm_rvq,1.3,0.35,winogrande,0.6266771902131019
llama2_7b_aqlm_rvq,1.4,0.3,arc_easy_acc,0.6872895622895623
llama2_7b_aqlm_rvq,1.4,0.3,arc_challenge_acc,0.363481228668942
llama2_7b_aqlm_rvq,1.4,0.3,copa,0.83
llama2_7b_aqlm_rvq,1.4,0.3,openbookqa,0.292
llama2_7b_aqlm_rvq,1.4,0.3,piqa,0.7513601741022851
llama2_7b_aqlm_rvq,1.4,0.3,winogrande,0.6629834254143646
llama2_7b_aqlm_rvq,1.5,0.25,arc_easy_acc,0.7062289562289562
llama2_7b_aqlm_rvq,1.5,0.25,arc_challenge_acc,0.3728668941979522
llama2_7b_aqlm_rvq,1.5,0.25,copa,0.82
llama2_7b_aqlm_rvq,1.5,0.25,openbookqa,0.312
llama2_7b_aqlm_rvq,1.5,0.25,piqa,0.7551686615886833
llama2_7b_aqlm_rvq,1.5,0.25,winogrande,0.6574585635359116
llama2_7b_aqlm_rvq,1.6,0.2,arc_easy_acc,0.7146464646464646
llama2_7b_aqlm_rvq,1.6,0.2,arc_challenge_acc,0.386518771331058
llama2_7b_aqlm_rvq,1.6,0.2,copa,0.85
llama2_7b_aqlm_rvq,1.6,0.2,openbookqa,0.306
llama2_7b_aqlm_rvq,1.6,0.2,piqa,0.7529923830250272
llama2_7b_aqlm_rvq,1.6,0.2,winogrande,0.6637726913970008
llama2_7b_aqlm_rvq,1.7,0.15,arc_easy_acc,0.7175925925925926
llama2_7b_aqlm_rvq,1.7,0.15,arc_challenge_acc,0.39419795221843
llama2_7b_aqlm_rvq,1.7,0.15,copa,0.87
llama2_7b_aqlm_rvq,1.7,0.15,openbookqa,0.306
llama2_7b_aqlm_rvq,1.7,0.15,piqa,0.7584330794341676
llama2_7b_aqlm_rvq,1.7,0.15,winogrande,0.6732438831886346
llama2_7b_aqlm_rvq,1.8,0.1,arc_easy_acc,0.7234848484848485
llama2_7b_aqlm_rvq,1.8,0.1,arc_challenge_acc,0.39334470989761094
llama2_7b_aqlm_rvq,1.8,0.1,copa,0.88
llama2_7b_aqlm_rvq,1.8,0.1,openbookqa,0.314
llama2_7b_aqlm_rvq,1.8,0.1,piqa,0.7622415669205659
llama2_7b_aqlm_rvq,1.8,0.1,winogrande,0.6803472770323599
llama2_7b_aqlm_rvq,1.9,0.05,arc_easy_acc,0.726010101010101
llama2_7b_aqlm_rvq,1.9,0.05,arc_challenge_acc,0.3967576791808874
llama2_7b_aqlm_rvq,1.9,0.05,copa,0.9
llama2_7b_aqlm_rvq,1.9,0.05,openbookqa,0.31
llama2_7b_aqlm_rvq,1.9,0.05,piqa,0.7616974972796517
llama2_7b_aqlm_rvq,1.9,0.05,winogrande,0.6724546172059984
llama2_7b_aqlm_rvq,2.0,0.0,arc_easy_acc,0.726010101010101
llama2_7b_aqlm_rvq,2.0,0.0,arc_challenge_acc,0.39590443686006827
llama2_7b_aqlm_rvq,2.0,0.0,copa,0.88
llama2_7b_aqlm_rvq,2.0,0.0,openbookqa,0.308
llama2_7b_aqlm_rvq,2.0,0.0,piqa,0.7627856365614799
llama2_7b_aqlm_rvq,2.0,0.0,winogrande,0.6771902131018153
