model_tag,vec_length,phi_function,sparsity,task,value
llama2_7b,8,l1-norm,0.0,arc_challenge_acc,0.431740614334471
llama2_7b,8,l1-norm,0.0,arc_easy_acc,0.7550505050505051
llama2_7b,8,l1-norm,0.0,copa,0.89
llama2_7b,8,l1-norm,0.0,mmlu,
llama2_7b,8,l1-norm,0.0,openbookqa,0.334
llama2_7b,8,l1-norm,0.0,piqa,0.7812840043525572
llama2_7b,8,l1-norm,0.0,wikitext_ppl,5.472064971923828
llama2_7b,8,l1-norm,0.0,winogrande,0.6945540647198106
llama2_7b,8,l1-norm,0.05,arc_challenge_acc,0.4343003412969283
llama2_7b,8,l1-norm,0.05,arc_easy_acc,0.757996632996633
llama2_7b,8,l1-norm,0.05,copa,0.89
llama2_7b,8,l1-norm,0.05,mmlu,
llama2_7b,8,l1-norm,0.05,openbookqa,0.328
llama2_7b,8,l1-norm,0.05,piqa,0.7823721436343852
llama2_7b,8,l1-norm,0.05,wikitext_ppl,5.554074764251709
llama2_7b,8,l1-norm,0.05,winogrande,0.6992896606156275
llama2_7b,8,l1-norm,0.1,arc_challenge_acc,0.4377133105802048
llama2_7b,8,l1-norm,0.1,arc_easy_acc,0.7495791245791246
llama2_7b,8,l1-norm,0.1,copa,0.86
llama2_7b,8,l1-norm,0.1,mmlu,
llama2_7b,8,l1-norm,0.1,openbookqa,0.328
llama2_7b,8,l1-norm,0.1,piqa,0.7763873775843307
llama2_7b,8,l1-norm,0.1,wikitext_ppl,5.746565818786621
llama2_7b,8,l1-norm,0.1,winogrande,0.6890292028413575
llama2_7b,8,l1-norm,0.15,arc_challenge_acc,0.431740614334471
llama2_7b,8,l1-norm,0.15,arc_easy_acc,0.7491582491582491
llama2_7b,8,l1-norm,0.15,copa,0.83
llama2_7b,8,l1-norm,0.15,mmlu,
llama2_7b,8,l1-norm,0.15,openbookqa,0.334
llama2_7b,8,l1-norm,0.15,piqa,0.7850924918389554
llama2_7b,8,l1-norm,0.15,wikitext_ppl,6.093737602233887
llama2_7b,8,l1-norm,0.15,winogrande,0.6835043409629045
llama2_7b,8,l1-norm,0.2,arc_challenge_acc,0.4325938566552901
llama2_7b,8,l1-norm,0.2,arc_easy_acc,0.7373737373737373
llama2_7b,8,l1-norm,0.2,copa,0.87
llama2_7b,8,l1-norm,0.2,mmlu,
llama2_7b,8,l1-norm,0.2,openbookqa,0.314
llama2_7b,8,l1-norm,0.2,piqa,0.7698585418933623
llama2_7b,8,l1-norm,0.2,wikitext_ppl,6.509645462036133
llama2_7b,8,l1-norm,0.2,winogrande,0.6835043409629045
llama2_7b,8,l1-norm,0.25,arc_challenge_acc,0.417235494880546
llama2_7b,8,l1-norm,0.25,arc_easy_acc,0.7310606060606061
llama2_7b,8,l1-norm,0.25,copa,0.85
llama2_7b,8,l1-norm,0.25,mmlu,
llama2_7b,8,l1-norm,0.25,openbookqa,0.328
llama2_7b,8,l1-norm,0.25,piqa,0.7622415669205659
llama2_7b,8,l1-norm,0.25,wikitext_ppl,7.075643539428711
llama2_7b,8,l1-norm,0.25,winogrande,0.6677190213101816
llama2_7b,8,l1-norm,0.3,arc_challenge_acc,0.3890784982935154
llama2_7b,8,l1-norm,0.3,arc_easy_acc,0.7175925925925926
llama2_7b,8,l1-norm,0.3,copa,0.88
llama2_7b,8,l1-norm,0.3,mmlu,
llama2_7b,8,l1-norm,0.3,openbookqa,0.3
llama2_7b,8,l1-norm,0.3,piqa,0.7562568008705114
llama2_7b,8,l1-norm,0.3,wikitext_ppl,8.093087196350098
llama2_7b,8,l1-norm,0.3,winogrande,0.6511444356748224
llama2_7b,8,l1-norm,0.35,arc_challenge_acc,0.3600682593856655
llama2_7b,8,l1-norm,0.35,arc_easy_acc,0.6872895622895623
llama2_7b,8,l1-norm,0.35,copa,0.87
llama2_7b,8,l1-norm,0.35,mmlu,
llama2_7b,8,l1-norm,0.35,openbookqa,0.248
llama2_7b,8,l1-norm,0.35,piqa,0.7415669205658324
llama2_7b,8,l1-norm,0.35,wikitext_ppl,14.32359504699707
llama2_7b,8,l1-norm,0.35,winogrande,0.6156274664561957
llama2_7b,8,l1-norm,0.4,arc_challenge_acc,0.3156996587030716
llama2_7b,8,l1-norm,0.4,arc_easy_acc,0.6195286195286195
llama2_7b,8,l1-norm,0.4,copa,0.82
llama2_7b,8,l1-norm,0.4,mmlu,
llama2_7b,8,l1-norm,0.4,openbookqa,0.242
llama2_7b,8,l1-norm,0.4,piqa,0.7089227421109902
llama2_7b,8,l1-norm,0.4,wikitext_ppl,81.22948455810547
llama2_7b,8,l1-norm,0.4,winogrande,0.5808997632202052
llama2_7b,8,l1-norm,0.45,arc_challenge_acc,0.2431740614334471
llama2_7b,8,l1-norm,0.45,arc_easy_acc,0.4776936026936026
llama2_7b,8,l1-norm,0.45,copa,0.72
llama2_7b,8,l1-norm,0.45,mmlu,
llama2_7b,8,l1-norm,0.45,openbookqa,0.208
llama2_7b,8,l1-norm,0.45,piqa,0.6485310119695321
llama2_7b,8,l1-norm,0.45,wikitext_ppl,1245.1458740234375
llama2_7b,8,l1-norm,0.45,winogrande,0.5272296764009471
llama2_7b,8,l1-norm,0.5,arc_challenge_acc,0.2090443686006826
llama2_7b,8,l1-norm,0.5,arc_easy_acc,0.3299663299663299
llama2_7b,8,l1-norm,0.5,copa,0.7
llama2_7b,8,l1-norm,0.5,mmlu,
llama2_7b,8,l1-norm,0.5,openbookqa,0.146
llama2_7b,8,l1-norm,0.5,piqa,0.573449401523395
llama2_7b,8,l1-norm,0.5,wikitext_ppl,5294.96435546875
llama2_7b,8,l1-norm,0.5,winogrande,0.5027624309392266
llama2_7b,8,l1-norm,0.55,arc_challenge_acc,0.2175767918088737
llama2_7b,8,l1-norm,0.55,arc_easy_acc,0.2647306397306397
llama2_7b,8,l1-norm,0.55,copa,0.65
llama2_7b,8,l1-norm,0.55,mmlu,
llama2_7b,8,l1-norm,0.55,openbookqa,0.148
llama2_7b,8,l1-norm,0.55,piqa,0.5250272034820457
llama2_7b,8,l1-norm,0.55,wikitext_ppl,
llama2_7b,8,l1-norm,0.55,winogrande,0.5122336227308603
llama2_7b,8,l1-norm,0.6,arc_challenge_acc,0.2295221843003413
llama2_7b,8,l1-norm,0.6,arc_easy_acc,0.2647306397306397
llama2_7b,8,l1-norm,0.6,copa,0.65
llama2_7b,8,l1-norm,0.6,mmlu,
llama2_7b,8,l1-norm,0.6,openbookqa,0.15
llama2_7b,8,l1-norm,0.6,piqa,0.5272034820457019
llama2_7b,8,l1-norm,0.6,wikitext_ppl,
llama2_7b,8,l1-norm,0.6,winogrande,0.4704025256511444
llama2_7b,8,l1-norm,0.65,arc_challenge_acc,0.2295221843003413
llama2_7b,8,l1-norm,0.65,arc_easy_acc,0.2647306397306397
llama2_7b,8,l1-norm,0.65,copa,0.65
llama2_7b,8,l1-norm,0.65,mmlu,
llama2_7b,8,l1-norm,0.65,openbookqa,0.15
llama2_7b,8,l1-norm,0.65,piqa,0.5272034820457019
llama2_7b,8,l1-norm,0.65,wikitext_ppl,
llama2_7b,8,l1-norm,0.65,winogrande,0.4704025256511444
llama2_7b,8,l1-norm,0.7,arc_challenge_acc,0.2295221843003413
llama2_7b,8,l1-norm,0.7,arc_easy_acc,0.2647306397306397
llama2_7b,8,l1-norm,0.7,copa,0.65
llama2_7b,8,l1-norm,0.7,mmlu,
llama2_7b,8,l1-norm,0.7,openbookqa,0.15
llama2_7b,8,l1-norm,0.7,piqa,0.5272034820457019
llama2_7b,8,l1-norm,0.7,wikitext_ppl,
llama2_7b,8,l1-norm,0.7,winogrande,0.4704025256511444
llama2_7b,8,l1-norm,0.75,arc_challenge_acc,0.2295221843003413
llama2_7b,8,l1-norm,0.75,arc_easy_acc,0.2647306397306397
llama2_7b,8,l1-norm,0.75,copa,0.65
llama2_7b,8,l1-norm,0.75,mmlu,
llama2_7b,8,l1-norm,0.75,openbookqa,0.15
llama2_7b,8,l1-norm,0.75,piqa,0.5272034820457019
llama2_7b,8,l1-norm,0.75,wikitext_ppl,
llama2_7b,8,l1-norm,0.75,winogrande,0.4704025256511444
llama2_7b,8,l1-norm,0.8,arc_challenge_acc,0.2295221843003413
llama2_7b,8,l1-norm,0.8,arc_easy_acc,0.2647306397306397
llama2_7b,8,l1-norm,0.8,copa,0.65
llama2_7b,8,l1-norm,0.8,mmlu,
llama2_7b,8,l1-norm,0.8,openbookqa,0.15
llama2_7b,8,l1-norm,0.8,piqa,0.5272034820457019
llama2_7b,8,l1-norm,0.8,wikitext_ppl,
llama2_7b,8,l1-norm,0.8,winogrande,0.4704025256511444
llama2_7b,8,l2-norm,0.0,arc_challenge_acc,0.431740614334471
llama2_7b,8,l2-norm,0.0,arc_easy_acc,0.7550505050505051
llama2_7b,8,l2-norm,0.0,copa,0.89
llama2_7b,8,l2-norm,0.0,mmlu,
llama2_7b,8,l2-norm,0.0,openbookqa,0.334
llama2_7b,8,l2-norm,0.0,piqa,0.7812840043525572
llama2_7b,8,l2-norm,0.0,wikitext_ppl,5.472062110900879
llama2_7b,8,l2-norm,0.0,winogrande,0.6937647987371744
llama2_7b,8,l2-norm,0.05,arc_challenge_acc,0.4360068259385665
llama2_7b,8,l2-norm,0.05,arc_easy_acc,0.7575757575757576
llama2_7b,8,l2-norm,0.05,copa,0.88
llama2_7b,8,l2-norm,0.05,mmlu,
llama2_7b,8,l2-norm,0.05,openbookqa,0.332
llama2_7b,8,l2-norm,0.05,piqa,0.779651795429815
llama2_7b,8,l2-norm,0.05,wikitext_ppl,5.548053741455078
llama2_7b,8,l2-norm,0.05,winogrande,0.7016574585635359
llama2_7b,8,l2-norm,0.1,arc_challenge_acc,0.4411262798634812
llama2_7b,8,l2-norm,0.1,arc_easy_acc,0.7529461279461279
llama2_7b,8,l2-norm,0.1,copa,0.86
llama2_7b,8,l2-norm,0.1,mmlu,
llama2_7b,8,l2-norm,0.1,openbookqa,0.32
llama2_7b,8,l2-norm,0.1,piqa,0.7780195865070729
llama2_7b,8,l2-norm,0.1,wikitext_ppl,5.703877925872803
llama2_7b,8,l2-norm,0.1,winogrande,0.7008681925808997
llama2_7b,8,l2-norm,0.15,arc_challenge_acc,0.4343003412969283
llama2_7b,8,l2-norm,0.15,arc_easy_acc,0.7474747474747475
llama2_7b,8,l2-norm,0.15,copa,0.88
llama2_7b,8,l2-norm,0.15,mmlu,
llama2_7b,8,l2-norm,0.15,openbookqa,0.324
llama2_7b,8,l2-norm,0.15,piqa,0.7850924918389554
llama2_7b,8,l2-norm,0.15,wikitext_ppl,5.963160991668701
llama2_7b,8,l2-norm,0.15,winogrande,0.6724546172059984
llama2_7b,8,l2-norm,0.2,arc_challenge_acc,0.4266211604095563
llama2_7b,8,l2-norm,0.2,arc_easy_acc,0.7386363636363636
llama2_7b,8,l2-norm,0.2,copa,0.88
llama2_7b,8,l2-norm,0.2,mmlu,
llama2_7b,8,l2-norm,0.2,openbookqa,0.338
llama2_7b,8,l2-norm,0.2,piqa,0.7720348204570185
llama2_7b,8,l2-norm,0.2,wikitext_ppl,6.326243877410889
llama2_7b,8,l2-norm,0.2,winogrande,0.6748224151539068
llama2_7b,8,l2-norm,0.25,arc_challenge_acc,0.4112627986348123
llama2_7b,8,l2-norm,0.25,arc_easy_acc,0.7352693602693603
llama2_7b,8,l2-norm,0.25,copa,0.89
llama2_7b,8,l2-norm,0.25,mmlu,
llama2_7b,8,l2-norm,0.25,openbookqa,0.322
llama2_7b,8,l2-norm,0.25,piqa,0.7622415669205659
llama2_7b,8,l2-norm,0.25,wikitext_ppl,6.775517463684082
llama2_7b,8,l2-norm,0.25,winogrande,0.65982636148382
llama2_7b,8,l2-norm,0.3,arc_challenge_acc,0.3950511945392491
llama2_7b,8,l2-norm,0.3,arc_easy_acc,0.7251683501683501
llama2_7b,8,l2-norm,0.3,copa,0.87
llama2_7b,8,l2-norm,0.3,mmlu,
llama2_7b,8,l2-norm,0.3,openbookqa,0.312
llama2_7b,8,l2-norm,0.3,piqa,0.750816104461371
llama2_7b,8,l2-norm,0.3,wikitext_ppl,7.455252170562744
llama2_7b,8,l2-norm,0.3,winogrande,0.6708760852407262
llama2_7b,8,l2-norm,0.35,arc_challenge_acc,0.3720136518771331
llama2_7b,8,l2-norm,0.35,arc_easy_acc,0.6952861952861953
llama2_7b,8,l2-norm,0.35,copa,0.85
llama2_7b,8,l2-norm,0.35,mmlu,
llama2_7b,8,l2-norm,0.35,openbookqa,0.28
llama2_7b,8,l2-norm,0.35,piqa,0.7404787812840044
llama2_7b,8,l2-norm,0.35,wikitext_ppl,12.786548614501951
llama2_7b,8,l2-norm,0.35,winogrande,0.6424625098658248
llama2_7b,8,l2-norm,0.4,arc_challenge_acc,0.3131399317406143
llama2_7b,8,l2-norm,0.4,arc_easy_acc,0.6536195286195287
llama2_7b,8,l2-norm,0.4,copa,0.88
llama2_7b,8,l2-norm,0.4,mmlu,
llama2_7b,8,l2-norm,0.4,openbookqa,0.258
llama2_7b,8,l2-norm,0.4,piqa,0.7165397170837867
llama2_7b,8,l2-norm,0.4,wikitext_ppl,95.59245300292967
llama2_7b,8,l2-norm,0.4,winogrande,0.6022099447513812
llama2_7b,8,l2-norm,0.45,arc_challenge_acc,0.2679180887372013
llama2_7b,8,l2-norm,0.45,arc_easy_acc,0.5311447811447811
llama2_7b,8,l2-norm,0.45,copa,0.79
llama2_7b,8,l2-norm,0.45,mmlu,
llama2_7b,8,l2-norm,0.45,openbookqa,0.218
llama2_7b,8,l2-norm,0.45,piqa,0.6539717083786725
llama2_7b,8,l2-norm,0.45,wikitext_ppl,1154.18408203125
llama2_7b,8,l2-norm,0.45,winogrande,0.5146014206787688
llama2_7b,8,l2-norm,0.5,arc_challenge_acc,0.2090443686006826
llama2_7b,8,l2-norm,0.5,arc_easy_acc,0.3581649831649832
llama2_7b,8,l2-norm,0.5,copa,0.69
llama2_7b,8,l2-norm,0.5,mmlu,
llama2_7b,8,l2-norm,0.5,openbookqa,0.166
llama2_7b,8,l2-norm,0.5,piqa,0.5805223068552775
llama2_7b,8,l2-norm,0.5,wikitext_ppl,4016.634521484375
llama2_7b,8,l2-norm,0.5,winogrande,0.4846093133385951
llama2_7b,8,l2-norm,0.55,arc_challenge_acc,0.2184300341296928
llama2_7b,8,l2-norm,0.55,arc_easy_acc,0.2676767676767677
llama2_7b,8,l2-norm,0.55,copa,0.63
llama2_7b,8,l2-norm,0.55,mmlu,
llama2_7b,8,l2-norm,0.55,openbookqa,0.13
llama2_7b,8,l2-norm,0.55,piqa,0.5266594124047879
llama2_7b,8,l2-norm,0.55,wikitext_ppl,5978.7666015625
llama2_7b,8,l2-norm,0.55,winogrande,0.505130228887135
llama2_7b,8,l2-norm,0.6,arc_challenge_acc,0.2252559726962457
llama2_7b,8,l2-norm,0.6,arc_easy_acc,0.2567340067340067
llama2_7b,8,l2-norm,0.6,copa,0.59
llama2_7b,8,l2-norm,0.6,mmlu,
llama2_7b,8,l2-norm,0.6,openbookqa,0.158
llama2_7b,8,l2-norm,0.6,piqa,0.5163220892274211
llama2_7b,8,l2-norm,0.6,wikitext_ppl,
llama2_7b,8,l2-norm,0.6,winogrande,0.4846093133385951
llama2_7b,8,l2-norm,0.65,arc_challenge_acc,0.2252559726962457
llama2_7b,8,l2-norm,0.65,arc_easy_acc,0.2567340067340067
llama2_7b,8,l2-norm,0.65,copa,0.59
llama2_7b,8,l2-norm,0.65,mmlu,
llama2_7b,8,l2-norm,0.65,openbookqa,0.158
llama2_7b,8,l2-norm,0.65,piqa,0.5163220892274211
llama2_7b,8,l2-norm,0.65,wikitext_ppl,
llama2_7b,8,l2-norm,0.65,winogrande,0.4846093133385951
llama2_7b,8,l2-norm,0.7,arc_challenge_acc,0.2252559726962457
llama2_7b,8,l2-norm,0.7,arc_easy_acc,0.2567340067340067
llama2_7b,8,l2-norm,0.7,copa,0.59
llama2_7b,8,l2-norm,0.7,mmlu,
llama2_7b,8,l2-norm,0.7,openbookqa,0.158
llama2_7b,8,l2-norm,0.7,piqa,0.5163220892274211
llama2_7b,8,l2-norm,0.7,wikitext_ppl,
llama2_7b,8,l2-norm,0.7,winogrande,0.4846093133385951
llama2_7b,8,l2-norm,0.75,arc_challenge_acc,0.2252559726962457
llama2_7b,8,l2-norm,0.75,arc_easy_acc,0.2567340067340067
llama2_7b,8,l2-norm,0.75,copa,0.59
llama2_7b,8,l2-norm,0.75,mmlu,
llama2_7b,8,l2-norm,0.75,openbookqa,0.158
llama2_7b,8,l2-norm,0.75,piqa,0.5163220892274211
llama2_7b,8,l2-norm,0.75,wikitext_ppl,
llama2_7b,8,l2-norm,0.75,winogrande,0.4846093133385951
llama2_7b,8,l2-norm,0.8,arc_challenge_acc,0.2252559726962457
llama2_7b,8,l2-norm,0.8,arc_easy_acc,0.2567340067340067
llama2_7b,8,l2-norm,0.8,copa,0.59
llama2_7b,8,l2-norm,0.8,mmlu,
llama2_7b,8,l2-norm,0.8,openbookqa,0.158
llama2_7b,8,l2-norm,0.8,piqa,0.5163220892274211
llama2_7b,8,l2-norm,0.8,wikitext_ppl,
llama2_7b,8,l2-norm,0.8,winogrande,0.4846093133385951
llama2_7b,8,l_inf-norm,0.0,arc_challenge_acc,0.431740614334471
llama2_7b,8,l_inf-norm,0.0,arc_easy_acc,0.7550505050505051
llama2_7b,8,l_inf-norm,0.0,copa,0.89
llama2_7b,8,l_inf-norm,0.0,mmlu,
llama2_7b,8,l_inf-norm,0.0,openbookqa,0.334
llama2_7b,8,l_inf-norm,0.0,piqa,0.7812840043525572
llama2_7b,8,l_inf-norm,0.0,wikitext_ppl,5.472064971923828
llama2_7b,8,l_inf-norm,0.0,winogrande,0.6945540647198106
llama2_7b,8,l_inf-norm,0.05,arc_challenge_acc,0.4266211604095563
llama2_7b,8,l_inf-norm,0.05,arc_easy_acc,0.7584175084175084
llama2_7b,8,l_inf-norm,0.05,copa,0.89
llama2_7b,8,l_inf-norm,0.05,mmlu,
llama2_7b,8,l_inf-norm,0.05,openbookqa,0.334
llama2_7b,8,l_inf-norm,0.05,piqa,0.780739934711643
llama2_7b,8,l_inf-norm,0.05,wikitext_ppl,5.546458721160889
llama2_7b,8,l_inf-norm,0.05,winogrande,0.6977111286503551
llama2_7b,8,l_inf-norm,0.1,arc_challenge_acc,0.4334470989761092
llama2_7b,8,l_inf-norm,0.1,arc_easy_acc,0.7554713804713805
llama2_7b,8,l_inf-norm,0.1,copa,0.88
llama2_7b,8,l_inf-norm,0.1,mmlu,
llama2_7b,8,l_inf-norm,0.1,openbookqa,0.33
llama2_7b,8,l_inf-norm,0.1,piqa,0.7823721436343852
llama2_7b,8,l_inf-norm,0.1,wikitext_ppl,5.694398880004883
llama2_7b,8,l_inf-norm,0.1,winogrande,0.6890292028413575
llama2_7b,8,l_inf-norm,0.15,arc_challenge_acc,0.4274744027303754
llama2_7b,8,l_inf-norm,0.15,arc_easy_acc,0.7441077441077442
llama2_7b,8,l_inf-norm,0.15,copa,0.9
llama2_7b,8,l_inf-norm,0.15,mmlu,
llama2_7b,8,l_inf-norm,0.15,openbookqa,0.326
llama2_7b,8,l_inf-norm,0.15,piqa,0.7861806311207835
llama2_7b,8,l_inf-norm,0.15,wikitext_ppl,5.9404616355896
llama2_7b,8,l_inf-norm,0.15,winogrande,0.6732438831886346
llama2_7b,8,l_inf-norm,0.2,arc_challenge_acc,0.4180887372013652
llama2_7b,8,l_inf-norm,0.2,arc_easy_acc,0.7495791245791246
llama2_7b,8,l_inf-norm,0.2,copa,0.86
llama2_7b,8,l_inf-norm,0.2,mmlu,
llama2_7b,8,l_inf-norm,0.2,openbookqa,0.328
llama2_7b,8,l_inf-norm,0.2,piqa,0.7731229597388466
llama2_7b,8,l_inf-norm,0.2,wikitext_ppl,6.295010566711426
llama2_7b,8,l_inf-norm,0.2,winogrande,0.6748224151539068
llama2_7b,8,l_inf-norm,0.25,arc_challenge_acc,0.4078498293515358
llama2_7b,8,l_inf-norm,0.25,arc_easy_acc,0.7314814814814815
llama2_7b,8,l_inf-norm,0.25,copa,0.86
llama2_7b,8,l_inf-norm,0.25,mmlu,
llama2_7b,8,l_inf-norm,0.25,openbookqa,0.326
llama2_7b,8,l_inf-norm,0.25,piqa,0.7731229597388466
llama2_7b,8,l_inf-norm,0.25,wikitext_ppl,6.769943714141846
llama2_7b,8,l_inf-norm,0.25,winogrande,0.6629834254143646
llama2_7b,8,l_inf-norm,0.3,arc_challenge_acc,0.3831058020477815
llama2_7b,8,l_inf-norm,0.3,arc_easy_acc,0.7095959595959596
llama2_7b,8,l_inf-norm,0.3,copa,0.86
llama2_7b,8,l_inf-norm,0.3,mmlu,
llama2_7b,8,l_inf-norm,0.3,openbookqa,0.284
llama2_7b,8,l_inf-norm,0.3,piqa,0.749183895538629
llama2_7b,8,l_inf-norm,0.3,wikitext_ppl,7.512143135070801
llama2_7b,8,l_inf-norm,0.3,winogrande,0.6440410418310971
llama2_7b,8,l_inf-norm,0.35,arc_challenge_acc,0.3617747440273037
llama2_7b,8,l_inf-norm,0.35,arc_easy_acc,0.6851851851851852
llama2_7b,8,l_inf-norm,0.35,copa,0.86
llama2_7b,8,l_inf-norm,0.35,mmlu,
llama2_7b,8,l_inf-norm,0.35,openbookqa,0.264
llama2_7b,8,l_inf-norm,0.35,piqa,0.733949945593036
llama2_7b,8,l_inf-norm,0.35,wikitext_ppl,10.826944351196287
llama2_7b,8,l_inf-norm,0.35,winogrande,0.6282557221783741
llama2_7b,8,l_inf-norm,0.4,arc_challenge_acc,0.3097269624573379
llama2_7b,8,l_inf-norm,0.4,arc_easy_acc,0.6388888888888888
llama2_7b,8,l_inf-norm,0.4,copa,0.84
llama2_7b,8,l_inf-norm,0.4,mmlu,
llama2_7b,8,l_inf-norm,0.4,openbookqa,0.254
llama2_7b,8,l_inf-norm,0.4,piqa,0.7067464635473341
llama2_7b,8,l_inf-norm,0.4,wikitext_ppl,71.15934753417969
llama2_7b,8,l_inf-norm,0.4,winogrande,0.5880031570639306
llama2_7b,8,l_inf-norm,0.45,arc_challenge_acc,0.2252559726962457
llama2_7b,8,l_inf-norm,0.45,arc_easy_acc,0.4894781144781144
llama2_7b,8,l_inf-norm,0.45,copa,0.78
llama2_7b,8,l_inf-norm,0.45,mmlu,
llama2_7b,8,l_inf-norm,0.45,openbookqa,0.192
llama2_7b,8,l_inf-norm,0.45,piqa,0.6169749727965179
llama2_7b,8,l_inf-norm,0.45,wikitext_ppl,874.7171020507812
llama2_7b,8,l_inf-norm,0.45,winogrande,0.4988161010260458
llama2_7b,8,l_inf-norm,0.5,arc_challenge_acc,0.2030716723549488
llama2_7b,8,l_inf-norm,0.5,arc_easy_acc,0.3051346801346801
llama2_7b,8,l_inf-norm,0.5,copa,0.71
llama2_7b,8,l_inf-norm,0.5,mmlu,
llama2_7b,8,l_inf-norm,0.5,openbookqa,0.142
llama2_7b,8,l_inf-norm,0.5,piqa,0.5375408052230686
llama2_7b,8,l_inf-norm,0.5,wikitext_ppl,3513.371826171875
llama2_7b,8,l_inf-norm,0.5,winogrande,0.5146014206787688
llama2_7b,8,l_inf-norm,0.55,arc_challenge_acc,0.2184300341296928
llama2_7b,8,l_inf-norm,0.55,arc_easy_acc,0.2643097643097643
llama2_7b,8,l_inf-norm,0.55,copa,0.67
llama2_7b,8,l_inf-norm,0.55,mmlu,
llama2_7b,8,l_inf-norm,0.55,openbookqa,0.152
llama2_7b,8,l_inf-norm,0.55,piqa,0.5184983677910773
llama2_7b,8,l_inf-norm,0.55,wikitext_ppl,6303.87890625
llama2_7b,8,l_inf-norm,0.55,winogrande,0.5090765588003157
llama2_7b,8,l_inf-norm,0.6,arc_challenge_acc,0.2081911262798634
llama2_7b,8,l_inf-norm,0.6,arc_easy_acc,0.2605218855218855
llama2_7b,8,l_inf-norm,0.6,copa,0.61
llama2_7b,8,l_inf-norm,0.6,mmlu,
llama2_7b,8,l_inf-norm,0.6,openbookqa,0.148
llama2_7b,8,l_inf-norm,0.6,piqa,0.529923830250272
llama2_7b,8,l_inf-norm,0.6,wikitext_ppl,
llama2_7b,8,l_inf-norm,0.6,winogrande,0.4751381215469613
llama2_7b,8,l_inf-norm,0.65,arc_challenge_acc,0.2081911262798634
llama2_7b,8,l_inf-norm,0.65,arc_easy_acc,0.2605218855218855
llama2_7b,8,l_inf-norm,0.65,copa,0.61
llama2_7b,8,l_inf-norm,0.65,mmlu,
llama2_7b,8,l_inf-norm,0.65,openbookqa,0.148
llama2_7b,8,l_inf-norm,0.65,piqa,0.529923830250272
llama2_7b,8,l_inf-norm,0.65,wikitext_ppl,
llama2_7b,8,l_inf-norm,0.65,winogrande,0.4751381215469613
llama2_7b,8,l_inf-norm,0.7,arc_challenge_acc,0.2081911262798634
llama2_7b,8,l_inf-norm,0.7,arc_easy_acc,0.2605218855218855
llama2_7b,8,l_inf-norm,0.7,copa,0.61
llama2_7b,8,l_inf-norm,0.7,mmlu,
llama2_7b,8,l_inf-norm,0.7,openbookqa,0.148
llama2_7b,8,l_inf-norm,0.7,piqa,0.529923830250272
llama2_7b,8,l_inf-norm,0.7,wikitext_ppl,
llama2_7b,8,l_inf-norm,0.7,winogrande,0.4751381215469613
llama2_7b,8,l_inf-norm,0.75,arc_challenge_acc,0.2081911262798634
llama2_7b,8,l_inf-norm,0.75,arc_easy_acc,0.2605218855218855
llama2_7b,8,l_inf-norm,0.75,copa,0.61
llama2_7b,8,l_inf-norm,0.75,mmlu,
llama2_7b,8,l_inf-norm,0.75,openbookqa,0.148
llama2_7b,8,l_inf-norm,0.75,piqa,0.529923830250272
llama2_7b,8,l_inf-norm,0.75,wikitext_ppl,
llama2_7b,8,l_inf-norm,0.75,winogrande,0.4751381215469613
llama2_7b,8,l_inf-norm,0.8,arc_challenge_acc,0.2081911262798634
llama2_7b,8,l_inf-norm,0.8,arc_easy_acc,0.2605218855218855
llama2_7b,8,l_inf-norm,0.8,copa,0.61
llama2_7b,8,l_inf-norm,0.8,mmlu,
llama2_7b,8,l_inf-norm,0.8,openbookqa,0.148
llama2_7b,8,l_inf-norm,0.8,piqa,0.529923830250272
llama2_7b,8,l_inf-norm,0.8,wikitext_ppl,
llama2_7b,8,l_inf-norm,0.8,winogrande,0.4751381215469613
llama2_7b_aqlm_rvq,8,l1-norm,0.0,arc_challenge_acc,0.3959044368600682
llama2_7b_aqlm_rvq,8,l1-norm,0.0,arc_easy_acc,0.726010101010101
llama2_7b_aqlm_rvq,8,l1-norm,0.0,copa,0.88
llama2_7b_aqlm_rvq,8,l1-norm,0.0,openbookqa,0.308
llama2_7b_aqlm_rvq,8,l1-norm,0.0,piqa,0.7627856365614799
llama2_7b_aqlm_rvq,8,l1-norm,0.0,winogrande,0.6771902131018153
llama2_7b_aqlm_rvq,8,l1-norm,0.05,arc_challenge_acc,0.3967576791808874
llama2_7b_aqlm_rvq,8,l1-norm,0.05,arc_easy_acc,0.726010101010101
llama2_7b_aqlm_rvq,8,l1-norm,0.05,copa,0.9
llama2_7b_aqlm_rvq,8,l1-norm,0.05,openbookqa,0.31
llama2_7b_aqlm_rvq,8,l1-norm,0.05,piqa,0.7616974972796517
llama2_7b_aqlm_rvq,8,l1-norm,0.05,winogrande,0.6724546172059984
llama2_7b_aqlm_rvq,8,l1-norm,0.1,arc_challenge_acc,0.3933447098976109
llama2_7b_aqlm_rvq,8,l1-norm,0.1,arc_easy_acc,0.7234848484848485
llama2_7b_aqlm_rvq,8,l1-norm,0.1,copa,0.88
llama2_7b_aqlm_rvq,8,l1-norm,0.1,openbookqa,0.314
llama2_7b_aqlm_rvq,8,l1-norm,0.1,piqa,0.7622415669205659
llama2_7b_aqlm_rvq,8,l1-norm,0.1,winogrande,0.6803472770323599
llama2_7b_aqlm_rvq,8,l1-norm,0.15,arc_challenge_acc,0.39419795221843
llama2_7b_aqlm_rvq,8,l1-norm,0.15,arc_easy_acc,0.7175925925925926
llama2_7b_aqlm_rvq,8,l1-norm,0.15,copa,0.87
llama2_7b_aqlm_rvq,8,l1-norm,0.15,openbookqa,0.306
llama2_7b_aqlm_rvq,8,l1-norm,0.15,piqa,0.7584330794341676
llama2_7b_aqlm_rvq,8,l1-norm,0.15,winogrande,0.6732438831886346
llama2_7b_aqlm_rvq,8,l1-norm,0.2,arc_challenge_acc,0.386518771331058
llama2_7b_aqlm_rvq,8,l1-norm,0.2,arc_easy_acc,0.7146464646464646
llama2_7b_aqlm_rvq,8,l1-norm,0.2,copa,0.85
llama2_7b_aqlm_rvq,8,l1-norm,0.2,openbookqa,0.306
llama2_7b_aqlm_rvq,8,l1-norm,0.2,piqa,0.7529923830250272
llama2_7b_aqlm_rvq,8,l1-norm,0.2,winogrande,0.6637726913970008
llama2_7b_aqlm_rvq,8,l1-norm,0.25,arc_challenge_acc,0.3728668941979522
llama2_7b_aqlm_rvq,8,l1-norm,0.25,arc_easy_acc,0.7062289562289562
llama2_7b_aqlm_rvq,8,l1-norm,0.25,copa,0.82
llama2_7b_aqlm_rvq,8,l1-norm,0.25,openbookqa,0.312
llama2_7b_aqlm_rvq,8,l1-norm,0.25,piqa,0.7551686615886833
llama2_7b_aqlm_rvq,8,l1-norm,0.25,winogrande,0.6574585635359116
llama2_7b_aqlm_rvq,8,l1-norm,0.3,arc_challenge_acc,0.363481228668942
llama2_7b_aqlm_rvq,8,l1-norm,0.3,arc_easy_acc,0.6872895622895623
llama2_7b_aqlm_rvq,8,l1-norm,0.3,copa,0.83
llama2_7b_aqlm_rvq,8,l1-norm,0.3,openbookqa,0.292
llama2_7b_aqlm_rvq,8,l1-norm,0.3,piqa,0.7513601741022851
llama2_7b_aqlm_rvq,8,l1-norm,0.3,winogrande,0.6629834254143646
llama2_7b_aqlm_rvq,8,l1-norm,0.35,arc_challenge_acc,0.356655290102389
llama2_7b_aqlm_rvq,8,l1-norm,0.35,arc_easy_acc,0.6784511784511784
llama2_7b_aqlm_rvq,8,l1-norm,0.35,copa,0.84
llama2_7b_aqlm_rvq,8,l1-norm,0.35,openbookqa,0.298
llama2_7b_aqlm_rvq,8,l1-norm,0.35,piqa,0.7372143634385201
llama2_7b_aqlm_rvq,8,l1-norm,0.35,winogrande,0.6266771902131019
llama2_7b_aqlm_rvq,8,l1-norm,0.4,arc_challenge_acc,0.3225255972696246
llama2_7b_aqlm_rvq,8,l1-norm,0.4,arc_easy_acc,0.6485690235690236
llama2_7b_aqlm_rvq,8,l1-norm,0.4,copa,0.86
llama2_7b_aqlm_rvq,8,l1-norm,0.4,openbookqa,0.278
llama2_7b_aqlm_rvq,8,l1-norm,0.4,piqa,0.7415669205658324
llama2_7b_aqlm_rvq,8,l1-norm,0.4,winogrande,0.6203630623520127
llama2_7b_aqlm_rvq,8,l1-norm,0.45,arc_challenge_acc,0.3216723549488055
llama2_7b_aqlm_rvq,8,l1-norm,0.45,arc_easy_acc,0.6245791245791246
llama2_7b_aqlm_rvq,8,l1-norm,0.45,copa,0.82
llama2_7b_aqlm_rvq,8,l1-norm,0.45,openbookqa,0.254
llama2_7b_aqlm_rvq,8,l1-norm,0.45,piqa,0.705658324265506
llama2_7b_aqlm_rvq,8,l1-norm,0.45,winogrande,0.6132596685082873
llama2_7b_aqlm_rvq,8,l1-norm,0.5,arc_challenge_acc,0.295221843003413
llama2_7b_aqlm_rvq,8,l1-norm,0.5,arc_easy_acc,0.5782828282828283
llama2_7b_aqlm_rvq,8,l1-norm,0.5,copa,0.76
llama2_7b_aqlm_rvq,8,l1-norm,0.5,openbookqa,0.25
llama2_7b_aqlm_rvq,8,l1-norm,0.5,piqa,0.6920565832426551
llama2_7b_aqlm_rvq,8,l1-norm,0.5,winogrande,0.5643251775848461
llama2_7b_aqlm_rvq,8,l2-norm,0.0,arc_challenge_acc,0.3959044368600682
llama2_7b_aqlm_rvq,8,l2-norm,0.0,arc_easy_acc,0.7264309764309764
llama2_7b_aqlm_rvq,8,l2-norm,0.0,copa,0.88
llama2_7b_aqlm_rvq,8,l2-norm,0.0,openbookqa,0.308
llama2_7b_aqlm_rvq,8,l2-norm,0.0,piqa,0.7627856365614799
llama2_7b_aqlm_rvq,8,l2-norm,0.0,winogrande,0.6771902131018153
llama2_7b_aqlm_rvq,8,l2-norm,0.05,arc_challenge_acc,0.3967576791808874
llama2_7b_aqlm_rvq,8,l2-norm,0.05,arc_easy_acc,0.7243265993265994
llama2_7b_aqlm_rvq,8,l2-norm,0.05,copa,0.89
llama2_7b_aqlm_rvq,8,l2-norm,0.05,openbookqa,0.308
llama2_7b_aqlm_rvq,8,l2-norm,0.05,piqa,0.7616974972796517
llama2_7b_aqlm_rvq,8,l2-norm,0.05,winogrande,0.6795580110497238
llama2_7b_aqlm_rvq,8,l2-norm,0.1,arc_challenge_acc,0.3993174061433447
llama2_7b_aqlm_rvq,8,l2-norm,0.1,arc_easy_acc,0.7201178451178452
llama2_7b_aqlm_rvq,8,l2-norm,0.1,copa,0.9
llama2_7b_aqlm_rvq,8,l2-norm,0.1,openbookqa,0.306
llama2_7b_aqlm_rvq,8,l2-norm,0.1,piqa,0.7622415669205659
llama2_7b_aqlm_rvq,8,l2-norm,0.1,winogrande,0.6708760852407262
llama2_7b_aqlm_rvq,8,l2-norm,0.15,arc_challenge_acc,0.3890784982935154
llama2_7b_aqlm_rvq,8,l2-norm,0.15,arc_easy_acc,0.7230639730639731
llama2_7b_aqlm_rvq,8,l2-norm,0.15,copa,0.85
llama2_7b_aqlm_rvq,8,l2-norm,0.15,openbookqa,0.304
llama2_7b_aqlm_rvq,8,l2-norm,0.15,piqa,0.7573449401523396
llama2_7b_aqlm_rvq,8,l2-norm,0.15,winogrande,0.6771902131018153
llama2_7b_aqlm_rvq,8,l2-norm,0.2,arc_challenge_acc,0.39419795221843
llama2_7b_aqlm_rvq,8,l2-norm,0.2,arc_easy_acc,0.718013468013468
llama2_7b_aqlm_rvq,8,l2-norm,0.2,copa,0.87
llama2_7b_aqlm_rvq,8,l2-norm,0.2,openbookqa,0.294
llama2_7b_aqlm_rvq,8,l2-norm,0.2,piqa,0.7578890097932536
llama2_7b_aqlm_rvq,8,l2-norm,0.2,winogrande,0.6621941594317285
llama2_7b_aqlm_rvq,8,l2-norm,0.25,arc_challenge_acc,0.3668941979522184
llama2_7b_aqlm_rvq,8,l2-norm,0.25,arc_easy_acc,0.7154882154882155
llama2_7b_aqlm_rvq,8,l2-norm,0.25,copa,0.86
llama2_7b_aqlm_rvq,8,l2-norm,0.25,openbookqa,0.286
llama2_7b_aqlm_rvq,8,l2-norm,0.25,piqa,0.7589771490750816
llama2_7b_aqlm_rvq,8,l2-norm,0.25,winogrande,0.6519337016574586
llama2_7b_aqlm_rvq,8,l2-norm,0.3,arc_challenge_acc,0.3754266211604095
llama2_7b_aqlm_rvq,8,l2-norm,0.3,arc_easy_acc,0.7062289562289562
llama2_7b_aqlm_rvq,8,l2-norm,0.3,copa,0.82
llama2_7b_aqlm_rvq,8,l2-norm,0.3,openbookqa,0.29
llama2_7b_aqlm_rvq,8,l2-norm,0.3,piqa,0.7459194776931447
llama2_7b_aqlm_rvq,8,l2-norm,0.3,winogrande,0.6448303078137332
llama2_7b_aqlm_rvq,8,l2-norm,0.35,arc_challenge_acc,0.3532423208191126
llama2_7b_aqlm_rvq,8,l2-norm,0.35,arc_easy_acc,0.6818181818181818
llama2_7b_aqlm_rvq,8,l2-norm,0.35,copa,0.84
llama2_7b_aqlm_rvq,8,l2-norm,0.35,openbookqa,0.274
llama2_7b_aqlm_rvq,8,l2-norm,0.35,piqa,0.7437431991294886
llama2_7b_aqlm_rvq,8,l2-norm,0.35,winogrande,0.6440410418310971
llama2_7b_aqlm_rvq,8,l2-norm,0.4,arc_challenge_acc,0.3515358361774744
llama2_7b_aqlm_rvq,8,l2-norm,0.4,arc_easy_acc,0.6578282828282829
llama2_7b_aqlm_rvq,8,l2-norm,0.4,copa,0.84
llama2_7b_aqlm_rvq,8,l2-norm,0.4,openbookqa,0.298
llama2_7b_aqlm_rvq,8,l2-norm,0.4,piqa,0.7323177366702938
llama2_7b_aqlm_rvq,8,l2-norm,0.4,winogrande,0.6306235201262825
llama2_7b_aqlm_rvq,8,l2-norm,0.45,arc_challenge_acc,0.3250853242320819
llama2_7b_aqlm_rvq,8,l2-norm,0.45,arc_easy_acc,0.6279461279461279
llama2_7b_aqlm_rvq,8,l2-norm,0.45,copa,0.86
llama2_7b_aqlm_rvq,8,l2-norm,0.45,openbookqa,0.266
llama2_7b_aqlm_rvq,8,l2-norm,0.45,piqa,0.7143634385201306
llama2_7b_aqlm_rvq,8,l2-norm,0.45,winogrande,0.6211523283346487
llama2_7b_aqlm_rvq,8,l2-norm,0.5,arc_challenge_acc,0.3063139931740614
llama2_7b_aqlm_rvq,8,l2-norm,0.5,arc_easy_acc,0.5824915824915825
llama2_7b_aqlm_rvq,8,l2-norm,0.5,copa,0.73
llama2_7b_aqlm_rvq,8,l2-norm,0.5,openbookqa,0.244
llama2_7b_aqlm_rvq,8,l2-norm,0.5,piqa,0.7002176278563657
llama2_7b_aqlm_rvq,8,l2-norm,0.5,winogrande,0.6022099447513812
llama2_7b_aqlm_rvq,8,l_inf-norm,0.0,arc_challenge_acc,0.3959044368600682
llama2_7b_aqlm_rvq,8,l_inf-norm,0.0,arc_easy_acc,0.726010101010101
llama2_7b_aqlm_rvq,8,l_inf-norm,0.0,copa,0.88
llama2_7b_aqlm_rvq,8,l_inf-norm,0.0,openbookqa,0.308
llama2_7b_aqlm_rvq,8,l_inf-norm,0.0,piqa,0.7627856365614799
llama2_7b_aqlm_rvq,8,l_inf-norm,0.0,winogrande,0.6771902131018153
llama2_7b_aqlm_rvq,8,l_inf-norm,0.05,arc_challenge_acc,0.3959044368600682
llama2_7b_aqlm_rvq,8,l_inf-norm,0.05,arc_easy_acc,0.7247474747474747
llama2_7b_aqlm_rvq,8,l_inf-norm,0.05,copa,0.89
llama2_7b_aqlm_rvq,8,l_inf-norm,0.05,openbookqa,0.308
llama2_7b_aqlm_rvq,8,l_inf-norm,0.05,piqa,0.764961915125136
llama2_7b_aqlm_rvq,8,l_inf-norm,0.05,winogrande,0.6740331491712708
llama2_7b_aqlm_rvq,8,l_inf-norm,0.1,arc_challenge_acc,0.3924914675767918
llama2_7b_aqlm_rvq,8,l_inf-norm,0.1,arc_easy_acc,0.7239057239057239
llama2_7b_aqlm_rvq,8,l_inf-norm,0.1,copa,0.89
llama2_7b_aqlm_rvq,8,l_inf-norm,0.1,openbookqa,0.298
llama2_7b_aqlm_rvq,8,l_inf-norm,0.1,piqa,0.7622415669205659
llama2_7b_aqlm_rvq,8,l_inf-norm,0.1,winogrande,0.6764009471191792
llama2_7b_aqlm_rvq,8,l_inf-norm,0.15,arc_challenge_acc,0.3933447098976109
llama2_7b_aqlm_rvq,8,l_inf-norm,0.15,arc_easy_acc,0.7146464646464646
llama2_7b_aqlm_rvq,8,l_inf-norm,0.15,copa,0.88
llama2_7b_aqlm_rvq,8,l_inf-norm,0.15,openbookqa,0.302
llama2_7b_aqlm_rvq,8,l_inf-norm,0.15,piqa,0.766050054406964
llama2_7b_aqlm_rvq,8,l_inf-norm,0.15,winogrande,0.6787687450670876
llama2_7b_aqlm_rvq,8,l_inf-norm,0.2,arc_challenge_acc,0.3822525597269625
llama2_7b_aqlm_rvq,8,l_inf-norm,0.2,arc_easy_acc,0.7159090909090909
llama2_7b_aqlm_rvq,8,l_inf-norm,0.2,copa,0.85
llama2_7b_aqlm_rvq,8,l_inf-norm,0.2,openbookqa,0.3
llama2_7b_aqlm_rvq,8,l_inf-norm,0.2,piqa,0.7595212187159956
llama2_7b_aqlm_rvq,8,l_inf-norm,0.2,winogrande,0.6550907655880032
llama2_7b_aqlm_rvq,8,l_inf-norm,0.25,arc_challenge_acc,0.3677474402730375
llama2_7b_aqlm_rvq,8,l_inf-norm,0.25,arc_easy_acc,0.710016835016835
llama2_7b_aqlm_rvq,8,l_inf-norm,0.25,copa,0.85
llama2_7b_aqlm_rvq,8,l_inf-norm,0.25,openbookqa,0.302
llama2_7b_aqlm_rvq,8,l_inf-norm,0.25,piqa,0.750272034820457
llama2_7b_aqlm_rvq,8,l_inf-norm,0.25,winogrande,0.6637726913970008
llama2_7b_aqlm_rvq,8,l_inf-norm,0.3,arc_challenge_acc,0.3626279863481229
llama2_7b_aqlm_rvq,8,l_inf-norm,0.3,arc_easy_acc,0.6978114478114478
llama2_7b_aqlm_rvq,8,l_inf-norm,0.3,copa,0.8
llama2_7b_aqlm_rvq,8,l_inf-norm,0.3,openbookqa,0.288
llama2_7b_aqlm_rvq,8,l_inf-norm,0.3,piqa,0.750816104461371
llama2_7b_aqlm_rvq,8,l_inf-norm,0.3,winogrande,0.6566692975532754
llama2_7b_aqlm_rvq,8,l_inf-norm,0.35,arc_challenge_acc,0.3617747440273037
llama2_7b_aqlm_rvq,8,l_inf-norm,0.35,arc_easy_acc,0.6868686868686869
llama2_7b_aqlm_rvq,8,l_inf-norm,0.35,copa,0.82
llama2_7b_aqlm_rvq,8,l_inf-norm,0.35,openbookqa,0.288
llama2_7b_aqlm_rvq,8,l_inf-norm,0.35,piqa,0.749727965179543
llama2_7b_aqlm_rvq,8,l_inf-norm,0.35,winogrande,0.6235201262825573
llama2_7b_aqlm_rvq,8,l_inf-norm,0.4,arc_challenge_acc,0.3464163822525597
llama2_7b_aqlm_rvq,8,l_inf-norm,0.4,arc_easy_acc,0.6519360269360269
llama2_7b_aqlm_rvq,8,l_inf-norm,0.4,copa,0.82
llama2_7b_aqlm_rvq,8,l_inf-norm,0.4,openbookqa,0.276
llama2_7b_aqlm_rvq,8,l_inf-norm,0.4,piqa,0.736126224156692
llama2_7b_aqlm_rvq,8,l_inf-norm,0.4,winogrande,0.6369376479873717
llama2_7b_aqlm_rvq,8,l_inf-norm,0.45,arc_challenge_acc,0.3020477815699658
llama2_7b_aqlm_rvq,8,l_inf-norm,0.45,arc_easy_acc,0.6174242424242424
llama2_7b_aqlm_rvq,8,l_inf-norm,0.45,copa,0.85
llama2_7b_aqlm_rvq,8,l_inf-norm,0.45,openbookqa,0.268
llama2_7b_aqlm_rvq,8,l_inf-norm,0.45,piqa,0.7165397170837867
llama2_7b_aqlm_rvq,8,l_inf-norm,0.45,winogrande,0.6377269139700079
llama2_7b_aqlm_rvq,8,l_inf-norm,0.5,arc_challenge_acc,0.3054607508532423
llama2_7b_aqlm_rvq,8,l_inf-norm,0.5,arc_easy_acc,0.5854377104377104
llama2_7b_aqlm_rvq,8,l_inf-norm,0.5,copa,0.79
llama2_7b_aqlm_rvq,8,l_inf-norm,0.5,openbookqa,0.218
llama2_7b_aqlm_rvq,8,l_inf-norm,0.5,piqa,0.6849836779107725
llama2_7b_aqlm_rvq,8,l_inf-norm,0.5,winogrande,0.5706393054459353
